Description,Scientific Name,Common Name,Taxid,Max Score,Total Score,Query Cover,E value,Per. ident,Acc. Len,Accession  
uncharacterized protein CJI97_004172 [[Candida] auris],[Candida] auris,NA,498019,649,649,59%,0.0,100.00,3052,"=HYPERLINK(""https://www.ncbi.nlm.nih.gov/protein/XP_028889033.1?report=genbank&log$=prottop&blast_rank=1&RID=0T392S20016"",""XP_028889033.1"")"
uncharacterized protein CJI97_004560 [[Candida] auris],[Candida] auris,NA,498019,530,530,58%,3e-168,82.82,1704,"=HYPERLINK(""https://www.ncbi.nlm.nih.gov/protein/XP_028888611.1?report=genbank&log$=prottop&blast_rank=2&RID=0T392S20016"",""XP_028888611.1"")"
hypothetical protein CXQ85_003766 [[Candida] haemuloni],[Candida] haemuloni,NA,45357,518,518,57%,1e-160,81.31,2672,"=HYPERLINK(""https://www.ncbi.nlm.nih.gov/protein/XP_025344416.1?report=genbank&log$=prottop&blast_rank=3&RID=0T392S20016"",""XP_025344416.1"")"
hypothetical protein C7M61_003292 [[Candida] pseudohaemulonis],[Candida] pseudohaemulonis,NA,418784,487,487,58%,7e-150,76.69,3335,"=HYPERLINK(""https://www.ncbi.nlm.nih.gov/protein/XP_024713121.1?report=genbank&log$=prottop&blast_rank=4&RID=0T392S20016"",""XP_024713121.1"")"
uncharacterized protein CXQ87_001664 [[Candida] duobushaemulonis],[Candida] duobushaemulonis,NA,1231522,486,486,58%,2e-149,74.77,3113,"=HYPERLINK(""https://www.ncbi.nlm.nih.gov/protein/XP_025334498.1?report=genbank&log$=prottop&blast_rank=5&RID=0T392S20016"",""XP_025334498.1"")"
hypothetical protein CXQ85_003757 [[Candida] haemuloni],[Candida] haemuloni,NA,45357,484,484,56%,6e-149,77.50,4416,"=HYPERLINK(""https://www.ncbi.nlm.nih.gov/protein/XP_025344407.1?report=genbank&log$=prottop&blast_rank=6&RID=0T392S20016"",""XP_025344407.1"")"
uncharacterized protein CXQ87_005018 [[Candida] duobushaemulonis],[Candida] duobushaemulonis,NA,1231522,478,478,58%,3e-148,74.85,1873,"=HYPERLINK(""https://www.ncbi.nlm.nih.gov/protein/XP_025335682.1?report=genbank&log$=prottop&blast_rank=7&RID=0T392S20016"",""XP_025335682.1"")"
hypothetical protein CXQ85_003952 [[Candida] haemuloni],[Candida] haemuloni,NA,45357,457,457,58%,5e-144,72.09,1320,"=HYPERLINK(""https://www.ncbi.nlm.nih.gov/protein/XP_025344601.1?report=genbank&log$=prottop&blast_rank=8&RID=0T392S20016"",""XP_025344601.1"")"
hypothetical protein CXQ85_004563 [[Candida] haemuloni],[Candida] haemuloni,NA,45357,422,422,59%,3e-131,63.86,1221,"=HYPERLINK(""https://www.ncbi.nlm.nih.gov/protein/XP_025342839.1?report=genbank&log$=prottop&blast_rank=9&RID=0T392S20016"",""XP_025342839.1"")"
hypothetical protein C7M61_003290 [[Candida] pseudohaemulonis],[Candida] pseudohaemulonis,NA,418784,409,409,56%,1e-130,65.71,765,"=HYPERLINK(""https://www.ncbi.nlm.nih.gov/protein/XP_024713119.1?report=genbank&log$=prottop&blast_rank=10&RID=0T392S20016"",""XP_024713119.1"")"
uncharacterized protein CXQ87_005009 [[Candida] duobushaemulonis],[Candida] duobushaemulonis,NA,1231522,402,402,57%,2e-129,64.20,637,"=HYPERLINK(""https://www.ncbi.nlm.nih.gov/protein/XP_025337653.1?report=genbank&log$=prottop&blast_rank=11&RID=0T392S20016"",""XP_025337653.1"")"
hypothetical protein CXQ85_004549 [[Candida] haemuloni],[Candida] haemuloni,NA,45357,404,404,56%,2e-129,64.26,729,"=HYPERLINK(""https://www.ncbi.nlm.nih.gov/protein/XP_025341971.1?report=genbank&log$=prottop&blast_rank=12&RID=0T392S20016"",""XP_025341971.1"")"
uncharacterized protein CXQ87_001666 [[Candida] duobushaemulonis],[Candida] duobushaemulonis,NA,1231522,407,407,56%,1e-127,65.09,973,"=HYPERLINK(""https://www.ncbi.nlm.nih.gov/protein/XP_025334500.1?report=genbank&log$=prottop&blast_rank=13&RID=0T392S20016"",""XP_025334500.1"")"
hypothetical protein CXQ85_004928 [[Candida] haemuloni],[Candida] haemuloni,NA,45357,418,418,55%,5e-126,66.99,2259,"=HYPERLINK(""https://www.ncbi.nlm.nih.gov/protein/XP_025343300.1?report=genbank&log$=prottop&blast_rank=14&RID=0T392S20016"",""XP_025343300.1"")"
uncharacterized protein CJI97_004173 [[Candida] auris],[Candida] auris,NA,498019,392,392,56%,2e-125,64.76,662,"=HYPERLINK(""https://www.ncbi.nlm.nih.gov/protein/XP_028889034.1?report=genbank&log$=prottop&blast_rank=15&RID=0T392S20016"",""XP_028889034.1"")"
uncharacterized protein CJI97_005649 [[Candida] auris],[Candida] auris,NA,498019,396,396,55%,2e-125,66.88,787,"=HYPERLINK(""https://www.ncbi.nlm.nih.gov/protein/XP_028887965.1?report=genbank&log$=prottop&blast_rank=16&RID=0T392S20016"",""XP_028887965.1"")"
hypothetical protein C7M61_004332 [[Candida] pseudohaemulonis],[Candida] pseudohaemulonis,NA,418784,385,385,56%,1e-123,64.78,596,"=HYPERLINK(""https://www.ncbi.nlm.nih.gov/protein/XP_024712323.1?report=genbank&log$=prottop&blast_rank=17&RID=0T392S20016"",""XP_024712323.1"")"
hypothetical protein C7M61_005282 [[Candida] pseudohaemulonis],[Candida] pseudohaemulonis,NA,418784,381,381,58%,1e-120,61.54,703,"=HYPERLINK(""https://www.ncbi.nlm.nih.gov/protein/XP_024711259.1?report=genbank&log$=prottop&blast_rank=18&RID=0T392S20016"",""XP_024711259.1"")"
uncharacterized protein CXQ87_005334 [[Candida] duobushaemulonis],[Candida] duobushaemulonis,NA,1231522,377,377,58%,9e-119,60.92,727,"=HYPERLINK(""https://www.ncbi.nlm.nih.gov/protein/XP_025335995.1?report=genbank&log$=prottop&blast_rank=19&RID=0T392S20016"",""XP_025335995.1"")"
hypothetical protein C7M61_005119 [[Candida] pseudohaemulonis],[Candida] pseudohaemulonis,NA,418784,385,385,58%,1e-115,59.70,1534,"=HYPERLINK(""https://www.ncbi.nlm.nih.gov/protein/XP_024711351.1?report=genbank&log$=prottop&blast_rank=20&RID=0T392S20016"",""XP_024711351.1"")"
uncharacterized protein CXQ87_004674 [[Candida] duobushaemulonis],[Candida] duobushaemulonis,NA,1231522,384,384,58%,2e-114,60.91,1785,"=HYPERLINK(""https://www.ncbi.nlm.nih.gov/protein/XP_025338053.1?report=genbank&log$=prottop&blast_rank=21&RID=0T392S20016"",""XP_025338053.1"")"
uncharacterized protein CJI97_001778 [[Candida] auris],[Candida] auris,NA,498019,372,372,55%,2e-111,61.02,1375,"=HYPERLINK(""https://www.ncbi.nlm.nih.gov/protein/XP_028892406.1?report=genbank&log$=prottop&blast_rank=22&RID=0T392S20016"",""XP_028892406.1"")"
uncharacterized protein CXQ87_005004 [[Candida] duobushaemulonis],[Candida] duobushaemulonis,NA,1231522,365,365,59%,5e-109,56.80,1427,"=HYPERLINK(""https://www.ncbi.nlm.nih.gov/protein/XP_025337648.1?report=genbank&log$=prottop&blast_rank=23&RID=0T392S20016"",""XP_025337648.1"")"
hypothetical protein C7M61_004327 [[Candida] pseudohaemulonis],[Candida] pseudohaemulonis,NA,418784,354,561,59%,7e-104,57.10,3575,"=HYPERLINK(""https://www.ncbi.nlm.nih.gov/protein/XP_024712318.1?report=genbank&log$=prottop&blast_rank=24&RID=0T392S20016"",""XP_024712318.1"")"
hypothetical protein CXQ85_005377 [[Candida] haemuloni],[Candida] haemuloni,NA,45357,323,323,55%,1e-94,54.95,1165,"=HYPERLINK(""https://www.ncbi.nlm.nih.gov/protein/XP_025343289.1?report=genbank&log$=prottop&blast_rank=25&RID=0T392S20016"",""XP_025343289.1"")"
hypothetical protein C7M61_001353 [[Candida] pseudohaemulonis],[Candida] pseudohaemulonis,NA,418784,306,306,46%,2e-87,62.16,2268,"=HYPERLINK(""https://www.ncbi.nlm.nih.gov/protein/XP_024716365.1?report=genbank&log$=prottop&blast_rank=26&RID=0T392S20016"",""XP_024716365.1"")"
hypothetical protein C7M61_001351 [[Candida] pseudohaemulonis],[Candida] pseudohaemulonis,NA,418784,302,302,57%,2e-87,52.01,1131,"=HYPERLINK(""https://www.ncbi.nlm.nih.gov/protein/XP_024716363.1?report=genbank&log$=prottop&blast_rank=27&RID=0T392S20016"",""XP_024716363.1"")"
hypothetical protein C7M61_005118 [[Candida] pseudohaemulonis],[Candida] pseudohaemulonis,NA,418784,270,270,57%,1e-77,47.83,804,"=HYPERLINK(""https://www.ncbi.nlm.nih.gov/protein/XP_024711350.1?report=genbank&log$=prottop&blast_rank=28&RID=0T392S20016"",""XP_024711350.1"")"
hypothetical protein CXQ85_000013 [[Candida] haemuloni],[Candida] haemuloni,NA,45357,264,264,57%,4e-74,46.93,962,"=HYPERLINK(""https://www.ncbi.nlm.nih.gov/protein/XP_025341988.1?report=genbank&log$=prottop&blast_rank=29&RID=0T392S20016"",""XP_025341988.1"")"
DEHA2G24970p [Debaryomyces hansenii CBS767],Debaryomyces hansenii CBS767,NA,284592,243,243,54%,2e-67,45.43,775,"=HYPERLINK(""https://www.ncbi.nlm.nih.gov/protein/XP_462630.1?report=genbank&log$=prottop&blast_rank=30&RID=0T392S20016"",""XP_462630.1"")"
hypothetical protein METBIDRAFT_24535 [Metschnikowia bicuspidata var. bicuspidata NRRL YB-4993],Metschnikowia bicuspidata var. bicuspidata NRRL YB-4993,NA,869754,231,231,54%,5e-67,47.17,363,"=HYPERLINK(""https://www.ncbi.nlm.nih.gov/protein/XP_018712269.1?report=genbank&log$=prottop&blast_rank=31&RID=0T392S20016"",""XP_018712269.1"")"
hypothetical protein METBIDRAFT_46484 [Metschnikowia bicuspidata var. bicuspidata NRRL YB-4993],Metschnikowia bicuspidata var. bicuspidata NRRL YB-4993,NA,869754,230,230,57%,1e-66,45.18,360,"=HYPERLINK(""https://www.ncbi.nlm.nih.gov/protein/XP_018709942.1?report=genbank&log$=prottop&blast_rank=32&RID=0T392S20016"",""XP_018709942.1"")"
uncharacterized protein CXQ87_003607 [[Candida] duobushaemulonis],[Candida] duobushaemulonis,NA,1231522,226,226,58%,1e-60,40.84,932,"=HYPERLINK(""https://www.ncbi.nlm.nih.gov/protein/XP_025336698.1?report=genbank&log$=prottop&blast_rank=33&RID=0T392S20016"",""XP_025336698.1"")"
DEHA2B01452p [Debaryomyces hansenii CBS767],Debaryomyces hansenii CBS767,NA,284592,227,227,59%,3e-60,42.44,1597,"=HYPERLINK(""https://www.ncbi.nlm.nih.gov/protein/XP_002770057.1?report=genbank&log$=prottop&blast_rank=34&RID=0T392S20016"",""XP_002770057.1"")"
hypothetical protein CXQ85_004198 [[Candida] haemuloni],[Candida] haemuloni,NA,45357,222,222,55%,8e-60,40.06,817,"=HYPERLINK(""https://www.ncbi.nlm.nih.gov/protein/XP_025341634.1?report=genbank&log$=prottop&blast_rank=35&RID=0T392S20016"",""XP_025341634.1"")"
uncharacterized protein CJI97_001451 [[Candida] auris],[Candida] auris,NA,498019,221,221,56%,2e-59,43.12,833,"=HYPERLINK(""https://www.ncbi.nlm.nih.gov/protein/XP_028892087.1?report=genbank&log$=prottop&blast_rank=36&RID=0T392S20016"",""XP_028892087.1"")"
uncharacterized protein CXQ87_005017 [[Candida] duobushaemulonis],[Candida] duobushaemulonis,NA,1231522,222,222,57%,2e-58,42.99,1353,"=HYPERLINK(""https://www.ncbi.nlm.nih.gov/protein/XP_025335681.1?report=genbank&log$=prottop&blast_rank=37&RID=0T392S20016"",""XP_025335681.1"")"
hypothetical protein C7M61_005183 [[Candida] pseudohaemulonis],[Candida] pseudohaemulonis,NA,418784,218,218,58%,9e-58,40.12,899,"=HYPERLINK(""https://www.ncbi.nlm.nih.gov/protein/XP_024711300.1?report=genbank&log$=prottop&blast_rank=38&RID=0T392S20016"",""XP_024711300.1"")"
hypothetical protein CXQ85_002807 [[Candida] haemuloni],[Candida] haemuloni,NA,45357,215,215,54%,1e-57,42.36,745,"=HYPERLINK(""https://www.ncbi.nlm.nih.gov/protein/XP_025344020.1?report=genbank&log$=prottop&blast_rank=39&RID=0T392S20016"",""XP_025344020.1"")"
uncharacterized protein CJI97_004515 [[Candida] auris],[Candida] auris,NA,498019,204,204,55%,6e-54,38.34,717,"=HYPERLINK(""https://www.ncbi.nlm.nih.gov/protein/XP_028889361.1?report=genbank&log$=prottop&blast_rank=40&RID=0T392S20016"",""XP_028889361.1"")"
hypothetical protein METBIDRAFT_47683 [Metschnikowia bicuspidata var. bicuspidata NRRL YB-4993],Metschnikowia bicuspidata var. bicuspidata NRRL YB-4993,NA,869754,198,198,56%,5e-53,42.06,516,"=HYPERLINK(""https://www.ncbi.nlm.nih.gov/protein/XP_018709340.1?report=genbank&log$=prottop&blast_rank=41&RID=0T392S20016"",""XP_018709340.1"")"
hypothetical protein CXQ85_003765 [[Candida] haemuloni],[Candida] haemuloni,NA,45357,202,202,55%,6e-52,37.65,1650,"=HYPERLINK(""https://www.ncbi.nlm.nih.gov/protein/XP_025344415.1?report=genbank&log$=prottop&blast_rank=42&RID=0T392S20016"",""XP_025344415.1"")"
hypothetical protein C7M61_002963 [[Candida] pseudohaemulonis],[Candida] pseudohaemulonis,NA,418784,198,198,55%,5e-51,37.70,856,"=HYPERLINK(""https://www.ncbi.nlm.nih.gov/protein/XP_024713725.1?report=genbank&log$=prottop&blast_rank=43&RID=0T392S20016"",""XP_024713725.1"")"
uncharacterized protein CXQ87_001485 [[Candida] duobushaemulonis],[Candida] duobushaemulonis,NA,1231522,197,197,55%,2e-50,38.66,884,"=HYPERLINK(""https://www.ncbi.nlm.nih.gov/protein/XP_025339494.1?report=genbank&log$=prottop&blast_rank=44&RID=0T392S20016"",""XP_025339494.1"")"
uncharacterized protein CXQ87_003243 [[Candida] duobushaemulonis],[Candida] duobushaemulonis,NA,1231522,184,184,54%,1e-46,36.09,694,"=HYPERLINK(""https://www.ncbi.nlm.nih.gov/protein/XP_025336343.1?report=genbank&log$=prottop&blast_rank=45&RID=0T392S20016"",""XP_025336343.1"")"
hypothetical protein C7M61_002453 [[Candida] pseudohaemulonis],[Candida] pseudohaemulonis,NA,418784,181,181,58%,4e-45,35.26,788,"=HYPERLINK(""https://www.ncbi.nlm.nih.gov/protein/XP_024713752.1?report=genbank&log$=prottop&blast_rank=46&RID=0T392S20016"",""XP_024713752.1"")"
uncharacterized protein CANTADRAFT_84623 [Suhomyces tanzawaensis NRRL Y-17324],Suhomyces tanzawaensis NRRL Y-17324,NA,984487,164,164,58%,4e-42,36.21,339,"=HYPERLINK(""https://www.ncbi.nlm.nih.gov/protein/XP_020063353.1?report=genbank&log$=prottop&blast_rank=47&RID=0T392S20016"",""XP_020063353.1"")"
hypothetical protein CXQ85_003762 [[Candida] haemuloni],[Candida] haemuloni,NA,45357,172,172,55%,1e-41,40.32,2109,"=HYPERLINK(""https://www.ncbi.nlm.nih.gov/protein/XP_025344412.1?report=genbank&log$=prottop&blast_rank=48&RID=0T392S20016"",""XP_025344412.1"")"
hypothetical protein [Pseudomonas syringae],Pseudomonas syringae,NA,317,145,145,15%,2e-38,88.37,91,"=HYPERLINK(""https://www.ncbi.nlm.nih.gov/protein/WP_146232083.1?report=genbank&log$=prottop&blast_rank=49&RID=0T392S20016"",""WP_146232083.1"")"
hyphally regulated cell wall protein [Scheffersomyces stipitis CBS 6054],Scheffersomyces stipitis CBS 6054,NA,322104,156,156,57%,7e-38,34.01,501,"=HYPERLINK(""https://www.ncbi.nlm.nih.gov/protein/XP_001386379.2?report=genbank&log$=prottop&blast_rank=50&RID=0T392S20016"",""XP_001386379.2"")"
hypothetical protein METBIDRAFT_13435 [Metschnikowia bicuspidata var. bicuspidata NRRL YB-4993],Metschnikowia bicuspidata var. bicuspidata NRRL YB-4993,NA,869754,151,151,54%,2e-37,37.90,327,"=HYPERLINK(""https://www.ncbi.nlm.nih.gov/protein/XP_018710225.1?report=genbank&log$=prottop&blast_rank=51&RID=0T392S20016"",""XP_018710225.1"")"
hyphally regulated cell wall protein [Scheffersomyces stipitis CBS 6054],Scheffersomyces stipitis CBS 6054,NA,322104,148,148,56%,9e-36,34.87,399,"=HYPERLINK(""https://www.ncbi.nlm.nih.gov/protein/XP_001386767.2?report=genbank&log$=prottop&blast_rank=52&RID=0T392S20016"",""XP_001386767.2"")"
hypothetical protein PICST_43205 [Scheffersomyces stipitis CBS 6054],Scheffersomyces stipitis CBS 6054,NA,322104,148,148,57%,2e-35,32.36,411,"=HYPERLINK(""https://www.ncbi.nlm.nih.gov/protein/XP_001383276.2?report=genbank&log$=prottop&blast_rank=53&RID=0T392S20016"",""XP_001383276.2"")"
conserved hypothetical protein [Candida tropicalis MYA-3404],Candida tropicalis MYA-3404,NA,294747,151,151,57%,4e-35,32.94,665,"=HYPERLINK(""https://www.ncbi.nlm.nih.gov/protein/XP_002550900.1?report=genbank&log$=prottop&blast_rank=54&RID=0T392S20016"",""XP_002550900.1"")"
hypothetical protein METBIDRAFT_33330 [Metschnikowia bicuspidata var. bicuspidata NRRL YB-4993],Metschnikowia bicuspidata var. bicuspidata NRRL YB-4993,NA,869754,148,148,39%,5e-35,46.55,498,"=HYPERLINK(""https://www.ncbi.nlm.nih.gov/protein/XP_018710224.1?report=genbank&log$=prottop&blast_rank=55&RID=0T392S20016"",""XP_018710224.1"")"
hyphally regulated cell wall protein [Scheffersomyces stipitis CBS 6054],Scheffersomyces stipitis CBS 6054,NA,322104,147,147,56%,7e-35,33.43,488,"=HYPERLINK(""https://www.ncbi.nlm.nih.gov/protein/XP_001387297.2?report=genbank&log$=prottop&blast_rank=56&RID=0T392S20016"",""XP_001387297.2"")"
uncharacterized protein CANTADRAFT_38556 [Suhomyces tanzawaensis NRRL Y-17324],Suhomyces tanzawaensis NRRL Y-17324,NA,984487,144,144,55%,1e-34,33.83,329,"=HYPERLINK(""https://www.ncbi.nlm.nih.gov/protein/XP_020061729.1?report=genbank&log$=prottop&blast_rank=57&RID=0T392S20016"",""XP_020061729.1"")"
hypothetical protein PGUG_05906 [Meyerozyma guilliermondii ATCC 6260],Meyerozyma guilliermondii ATCC 6260,NA,294746,150,150,57%,2e-34,36.12,1111,"=HYPERLINK(""https://www.ncbi.nlm.nih.gov/protein/XP_001482143.1?report=genbank&log$=prottop&blast_rank=58&RID=0T392S20016"",""XP_001482143.1"")"
conserved hypothetical protein [Candida tropicalis MYA-3404],Candida tropicalis MYA-3404,NA,294747,149,149,58%,7e-34,34.08,1405,"=HYPERLINK(""https://www.ncbi.nlm.nih.gov/protein/XP_002547764.1?report=genbank&log$=prottop&blast_rank=59&RID=0T392S20016"",""XP_002547764.1"")"
Hyr3p [Candida albicans SC5314],Candida albicans SC5314,NA,237561,148,148,57%,1e-33,34.50,1249,"=HYPERLINK(""https://www.ncbi.nlm.nih.gov/protein/XP_714203.1?report=genbank&log$=prottop&blast_rank=60&RID=0T392S20016"",""XP_714203.1"")"
uncharacterized protein CANTADRAFT_32420 [Suhomyces tanzawaensis NRRL Y-17324],Suhomyces tanzawaensis NRRL Y-17324,NA,984487,141,141,49%,2e-33,36.46,363,"=HYPERLINK(""https://www.ncbi.nlm.nih.gov/protein/XP_020062061.1?report=genbank&log$=prottop&blast_rank=61&RID=0T392S20016"",""XP_020062061.1"")"
hypothetical protein PGUG_01214 [Meyerozyma guilliermondii ATCC 6260],Meyerozyma guilliermondii ATCC 6260,NA,294746,140,140,57%,6e-33,34.32,385,"=HYPERLINK(""https://www.ncbi.nlm.nih.gov/protein/XP_001485543.1?report=genbank&log$=prottop&blast_rank=62&RID=0T392S20016"",""XP_001485543.1"")"
hypothetical protein PGUG_01202 [Meyerozyma guilliermondii ATCC 6260],Meyerozyma guilliermondii ATCC 6260,NA,294746,145,145,57%,7e-33,32.24,1750,"=HYPERLINK(""https://www.ncbi.nlm.nih.gov/protein/XP_001487825.1?report=genbank&log$=prottop&blast_rank=63&RID=0T392S20016"",""XP_001487825.1"")"
hypothetical protein PGUG_01219 [Meyerozyma guilliermondii ATCC 6260],Meyerozyma guilliermondii ATCC 6260,NA,294746,145,145,53%,1e-32,35.18,1129,"=HYPERLINK(""https://www.ncbi.nlm.nih.gov/protein/XP_001485548.1?report=genbank&log$=prottop&blast_rank=64&RID=0T392S20016"",""XP_001485548.1"")"
Rbr3p [Candida albicans SC5314],Candida albicans SC5314,NA,237561,144,144,57%,2e-32,35.96,1562,"=HYPERLINK(""https://www.ncbi.nlm.nih.gov/protein/XP_711686.2?report=genbank&log$=prottop&blast_rank=65&RID=0T392S20016"",""XP_711686.2"")"
hyphally regulated cell wall protein [Scheffersomyces stipitis CBS 6054],Scheffersomyces stipitis CBS 6054,NA,322104,142,142,57%,2e-32,32.76,580,"=HYPERLINK(""https://www.ncbi.nlm.nih.gov/protein/XP_001385882.2?report=genbank&log$=prottop&blast_rank=66&RID=0T392S20016"",""XP_001385882.2"")"
hyphally regulated cell wall protein Exo-alpha-sialidase [Scheffersomyces stipitis CBS 6054],Scheffersomyces stipitis CBS 6054,NA,322104,137,137,57%,1e-31,31.04,392,"=HYPERLINK(""https://www.ncbi.nlm.nih.gov/protein/XP_001386047.2?report=genbank&log$=prottop&blast_rank=67&RID=0T392S20016"",""XP_001386047.2"")"
conserved hypothetical protein [Candida tropicalis MYA-3404],Candida tropicalis MYA-3404,NA,294747,139,139,53%,4e-31,33.54,827,"=HYPERLINK(""https://www.ncbi.nlm.nih.gov/protein/XP_002547617.1?report=genbank&log$=prottop&blast_rank=68&RID=0T392S20016"",""XP_002547617.1"")"
hypothetical protein METBIDRAFT_32261 [Metschnikowia bicuspidata var. bicuspidata NRRL YB-4993],Metschnikowia bicuspidata var. bicuspidata NRRL YB-4993,NA,869754,132,132,57%,1e-30,34.14,336,"=HYPERLINK(""https://www.ncbi.nlm.nih.gov/protein/XP_018710762.1?report=genbank&log$=prottop&blast_rank=69&RID=0T392S20016"",""XP_018710762.1"")"
predicted protein [Candida tropicalis MYA-3404],Candida tropicalis MYA-3404,NA,294747,138,138,56%,1e-30,32.45,749,"=HYPERLINK(""https://www.ncbi.nlm.nih.gov/protein/XP_002547615.1?report=genbank&log$=prottop&blast_rank=70&RID=0T392S20016"",""XP_002547615.1"")"
uncharacterized protein DIURU_004257 [Diutina rugosa],Diutina rugosa,NA,5481,133,133,55%,2e-30,31.40,376,"=HYPERLINK(""https://www.ncbi.nlm.nih.gov/protein/XP_034010991.1?report=genbank&log$=prottop&blast_rank=71&RID=0T392S20016"",""XP_034010991.1"")"
hypothetical protein METBIDRAFT_9402 [Metschnikowia bicuspidata var. bicuspidata NRRL YB-4993],Metschnikowia bicuspidata var. bicuspidata NRRL YB-4993,NA,869754,131,131,55%,4e-30,34.38,338,"=HYPERLINK(""https://www.ncbi.nlm.nih.gov/protein/XP_018713570.1?report=genbank&log$=prottop&blast_rank=72&RID=0T392S20016"",""XP_018713570.1"")"
hyphally regulated cell wall protein [Scheffersomyces stipitis CBS 6054],Scheffersomyces stipitis CBS 6054,NA,322104,131,131,56%,8e-30,31.07,397,"=HYPERLINK(""https://www.ncbi.nlm.nih.gov/protein/XP_001387240.2?report=genbank&log$=prottop&blast_rank=73&RID=0T392S20016"",""XP_001387240.2"")"
Iff4p [Candida albicans SC5314],Candida albicans SC5314,NA,237561,136,136,57%,9e-30,31.21,1526,"=HYPERLINK(""https://www.ncbi.nlm.nih.gov/protein/XP_718630.1?report=genbank&log$=prottop&blast_rank=74&RID=0T392S20016"",""XP_718630.1"")"
Iff9p [Candida albicans SC5314],Candida albicans SC5314,NA,237561,135,135,56%,2e-29,31.74,941,"=HYPERLINK(""https://www.ncbi.nlm.nih.gov/protein/XP_717330.2?report=genbank&log$=prottop&blast_rank=75&RID=0T392S20016"",""XP_717330.2"")"
hypothetical protein METBIDRAFT_30159 [Metschnikowia bicuspidata var. bicuspidata NRRL YB-4993],Metschnikowia bicuspidata var. bicuspidata NRRL YB-4993,NA,869754,129,129,54%,2e-29,31.55,329,"=HYPERLINK(""https://www.ncbi.nlm.nih.gov/protein/XP_018714228.1?report=genbank&log$=prottop&blast_rank=76&RID=0T392S20016"",""XP_018714228.1"")"
hypothetical protein PICST_91284 [Scheffersomyces stipitis CBS 6054],Scheffersomyces stipitis CBS 6054,NA,322104,132,132,57%,5e-29,32.85,555,"=HYPERLINK(""https://www.ncbi.nlm.nih.gov/protein/XP_001386404.2?report=genbank&log$=prottop&blast_rank=77&RID=0T392S20016"",""XP_001386404.2"")"
uncharacterized protein DIURU_004501 [Diutina rugosa],Diutina rugosa,NA,5481,128,128,50%,6e-29,32.99,364,"=HYPERLINK(""https://www.ncbi.nlm.nih.gov/protein/XP_034010684.1?report=genbank&log$=prottop&blast_rank=78&RID=0T392S20016"",""XP_034010684.1"")"
hyphally regulated cell wall protein [Scheffersomyces stipitis CBS 6054],Scheffersomyces stipitis CBS 6054,NA,322104,129,129,55%,6e-29,32.42,408,"=HYPERLINK(""https://www.ncbi.nlm.nih.gov/protein/XP_001385682.2?report=genbank&log$=prottop&blast_rank=79&RID=0T392S20016"",""XP_001385682.2"")"
Iff5 GPI-anchored protein [Candida orthopsilosis Co 90-125],Candida orthopsilosis Co 90-125,NA,1136231,132,132,56%,8e-29,32.07,706,"=HYPERLINK(""https://www.ncbi.nlm.nih.gov/protein/XP_003868553.1?report=genbank&log$=prottop&blast_rank=80&RID=0T392S20016"",""XP_003868553.1"")"
hypothetical protein METBIDRAFT_30457 [Metschnikowia bicuspidata var. bicuspidata NRRL YB-4993],Metschnikowia bicuspidata var. bicuspidata NRRL YB-4993,NA,869754,126,126,56%,2e-28,30.61,335,"=HYPERLINK(""https://www.ncbi.nlm.nih.gov/protein/XP_018714595.1?report=genbank&log$=prottop&blast_rank=81&RID=0T392S20016"",""XP_018714595.1"")"
Iff6p [Candida albicans SC5314],Candida albicans SC5314,NA,237561,131,131,56%,3e-28,31.96,1085,"=HYPERLINK(""https://www.ncbi.nlm.nih.gov/protein/XP_714246.2?report=genbank&log$=prottop&blast_rank=82&RID=0T392S20016"",""XP_714246.2"")"
"GPI-anchored protein of unknown function, putative [Candida dubliniensis CD36]",Candida dubliniensis CD36,NA,573826,131,131,56%,4e-28,32.16,1277,"=HYPERLINK(""https://www.ncbi.nlm.nih.gov/protein/XP_002418802.1?report=genbank&log$=prottop&blast_rank=83&RID=0T392S20016"",""XP_002418802.1"")"
"hyphally-regulated protein precursor, putative [Candida dubliniensis CD36]",Candida dubliniensis CD36,NA,573826,131,131,56%,4e-28,30.84,945,"=HYPERLINK(""https://www.ncbi.nlm.nih.gov/protein/XP_002421924.1?report=genbank&log$=prottop&blast_rank=84&RID=0T392S20016"",""XP_002421924.1"")"
"Hyr1-like cell wall protein, putative [Candida dubliniensis CD36]",Candida dubliniensis CD36,NA,573826,130,130,56%,4e-28,31.14,943,"=HYPERLINK(""https://www.ncbi.nlm.nih.gov/protein/XP_002421951.1?report=genbank&log$=prottop&blast_rank=85&RID=0T392S20016"",""XP_002421951.1"")"
"cell wall protein, putative [Candida dubliniensis CD36]",Candida dubliniensis CD36,NA,573826,131,131,57%,5e-28,34.40,2113,"=HYPERLINK(""https://www.ncbi.nlm.nih.gov/protein/XP_002421505.1?report=genbank&log$=prottop&blast_rank=86&RID=0T392S20016"",""XP_002421505.1"")"
"hyphally-regulated cell wall protein precursor, putative [Candida dubliniensis CD36]",Candida dubliniensis CD36,NA,573826,130,130,58%,7e-28,32.76,940,"=HYPERLINK(""https://www.ncbi.nlm.nih.gov/protein/XP_002420471.1?report=genbank&log$=prottop&blast_rank=87&RID=0T392S20016"",""XP_002420471.1"")"
hypothetical protein METBIDRAFT_33874 [Metschnikowia bicuspidata var. bicuspidata NRRL YB-4993],Metschnikowia bicuspidata var. bicuspidata NRRL YB-4993,NA,869754,124,124,57%,8e-28,32.84,336,"=HYPERLINK(""https://www.ncbi.nlm.nih.gov/protein/XP_018709273.1?report=genbank&log$=prottop&blast_rank=88&RID=0T392S20016"",""XP_018709273.1"")"
uncharacterized protein CANTADRAFT_23782 [Suhomyces tanzawaensis NRRL Y-17324],Suhomyces tanzawaensis NRRL Y-17324,NA,984487,129,129,53%,9e-28,32.62,608,"=HYPERLINK(""https://www.ncbi.nlm.nih.gov/protein/XP_020062062.1?report=genbank&log$=prottop&blast_rank=89&RID=0T392S20016"",""XP_020062062.1"")"
Iff5 GPI-anchored protein [Candida orthopsilosis Co 90-125],Candida orthopsilosis Co 90-125,NA,1136231,129,129,57%,1e-27,31.41,857,"=HYPERLINK(""https://www.ncbi.nlm.nih.gov/protein/XP_003868554.1?report=genbank&log$=prottop&blast_rank=90&RID=0T392S20016"",""XP_003868554.1"")"
predicted protein [Candida tropicalis MYA-3404],Candida tropicalis MYA-3404,NA,294747,129,129,57%,1e-27,31.98,925,"=HYPERLINK(""https://www.ncbi.nlm.nih.gov/protein/XP_002549927.1?report=genbank&log$=prottop&blast_rank=91&RID=0T392S20016"",""XP_002549927.1"")"
hypothetical protein METBIDRAFT_33876 [Metschnikowia bicuspidata var. bicuspidata NRRL YB-4993],Metschnikowia bicuspidata var. bicuspidata NRRL YB-4993,NA,869754,124,124,54%,1e-27,31.86,330,"=HYPERLINK(""https://www.ncbi.nlm.nih.gov/protein/XP_018709275.1?report=genbank&log$=prottop&blast_rank=92&RID=0T392S20016"",""XP_018709275.1"")"
"hyphally-regulated protein precursor, putative [Candida dubliniensis CD36]",Candida dubliniensis CD36,NA,573826,129,129,56%,2e-27,31.25,1433,"=HYPERLINK(""https://www.ncbi.nlm.nih.gov/protein/XP_002421668.1?report=genbank&log$=prottop&blast_rank=93&RID=0T392S20016"",""XP_002421668.1"")"
uncharacterized protein CANTEDRAFT_135304 [Yamadazyma tenuis ATCC 10573],Yamadazyma tenuis ATCC 10573,NA,590646,120,120,35%,2e-27,36.76,228,"=HYPERLINK(""https://www.ncbi.nlm.nih.gov/protein/XP_006687291.1?report=genbank&log$=prottop&blast_rank=94&RID=0T392S20016"",""XP_006687291.1"")"
Iff3p [Candida albicans SC5314],Candida albicans SC5314,NA,237561,127,127,56%,4e-27,30.24,941,"=HYPERLINK(""https://www.ncbi.nlm.nih.gov/protein/XP_715137.2?report=genbank&log$=prottop&blast_rank=95&RID=0T392S20016"",""XP_715137.2"")"
uncharacterized protein CPAR2_806410 [Candida parapsilosis],Candida parapsilosis,NA,5480,128,128,56%,5e-27,32.06,1671,"=HYPERLINK(""https://www.ncbi.nlm.nih.gov/protein/XP_036665264.1?report=genbank&log$=prottop&blast_rank=96&RID=0T392S20016"",""XP_036665264.1"")"
"Hyr1p homologue, putative [Candida dubliniensis CD36]",Candida dubliniensis CD36,NA,573826,127,127,56%,5e-27,31.34,1227,"=HYPERLINK(""https://www.ncbi.nlm.nih.gov/protein/XP_002421681.1?report=genbank&log$=prottop&blast_rank=97&RID=0T392S20016"",""XP_002421681.1"")"
conserved hypothetical protein [Candida dubliniensis CD36],Candida dubliniensis CD36,NA,573826,127,127,56%,1e-26,32.35,1279,"=HYPERLINK(""https://www.ncbi.nlm.nih.gov/protein/XP_002420246.1?report=genbank&log$=prottop&blast_rank=98&RID=0T392S20016"",""XP_002420246.1"")"
Iff5p [Candida albicans SC5314],Candida albicans SC5314,NA,237561,126,126,58%,1e-26,31.99,1308,"=HYPERLINK(""https://www.ncbi.nlm.nih.gov/protein/XP_715535.1?report=genbank&log$=prottop&blast_rank=99&RID=0T392S20016"",""XP_715535.1"")"
predicted protein [Candida tropicalis MYA-3404],Candida tropicalis MYA-3404,NA,294747,125,125,53%,2e-26,31.38,1952,"=HYPERLINK(""https://www.ncbi.nlm.nih.gov/protein/XP_002546360.1?report=genbank&log$=prottop&blast_rank=100&RID=0T392S20016"",""XP_002546360.1"")"
hypothetical protein LELG_05536 [Lodderomyces elongisporus NRRL YB-4239],Lodderomyces elongisporus NRRL YB-4239,NA,379508,116,116,32%,3e-26,38.62,203,"=HYPERLINK(""https://www.ncbi.nlm.nih.gov/protein/XP_001523310.1?report=genbank&log$=prottop&blast_rank=101&RID=0T392S20016"",""XP_001523310.1"")"
hyphally regulated cell wall protein [Scheffersomyces stipitis CBS 6054],Scheffersomyces stipitis CBS 6054,NA,322104,122,122,56%,3e-26,32.16,473,"=HYPERLINK(""https://www.ncbi.nlm.nih.gov/protein/XP_001386218.2?report=genbank&log$=prottop&blast_rank=102&RID=0T392S20016"",""XP_001386218.2"")"
Hyr4p [Candida albicans SC5314],Candida albicans SC5314,NA,237561,125,125,56%,4e-26,29.85,1225,"=HYPERLINK(""https://www.ncbi.nlm.nih.gov/protein/XP_717969.1?report=genbank&log$=prottop&blast_rank=103&RID=0T392S20016"",""XP_717969.1"")"
hypothetical protein METBIDRAFT_11451 [Metschnikowia bicuspidata var. bicuspidata NRRL YB-4993],Metschnikowia bicuspidata var. bicuspidata NRRL YB-4993,NA,869754,119,119,57%,1e-25,31.66,381,"=HYPERLINK(""https://www.ncbi.nlm.nih.gov/protein/XP_018713134.1?report=genbank&log$=prottop&blast_rank=104&RID=0T392S20016"",""XP_018713134.1"")"
hyphally regulated cell wall protein [Scheffersomyces stipitis CBS 6054],Scheffersomyces stipitis CBS 6054,NA,322104,119,119,55%,2e-25,32.83,392,"=HYPERLINK(""https://www.ncbi.nlm.nih.gov/protein/XP_001382756.2?report=genbank&log$=prottop&blast_rank=105&RID=0T392S20016"",""XP_001382756.2"")"
uncharacterized protein CANTEDRAFT_92443 [Yamadazyma tenuis ATCC 10573],Yamadazyma tenuis ATCC 10573,NA,590646,118,118,54%,2e-25,32.72,361,"=HYPERLINK(""https://www.ncbi.nlm.nih.gov/protein/XP_006684896.1?report=genbank&log$=prottop&blast_rank=106&RID=0T392S20016"",""XP_006684896.1"")"
hypothetical protein LELG_02559 [Lodderomyces elongisporus NRRL YB-4239],Lodderomyces elongisporus NRRL YB-4239,NA,379508,114,114,32%,2e-25,39.57,196,"=HYPERLINK(""https://www.ncbi.nlm.nih.gov/protein/XP_001526001.1?report=genbank&log$=prottop&blast_rank=107&RID=0T392S20016"",""XP_001526001.1"")"
uncharacterized protein CANTEDRAFT_112457 [Yamadazyma tenuis ATCC 10573],Yamadazyma tenuis ATCC 10573,NA,590646,113,113,34%,6e-25,36.82,207,"=HYPERLINK(""https://www.ncbi.nlm.nih.gov/protein/XP_006684153.1?report=genbank&log$=prottop&blast_rank=108&RID=0T392S20016"",""XP_006684153.1"")"
Iff8p [Candida albicans SC5314],Candida albicans SC5314,NA,237561,119,119,57%,1e-24,30.43,714,"=HYPERLINK(""https://www.ncbi.nlm.nih.gov/protein/XP_714201.2?report=genbank&log$=prottop&blast_rank=109&RID=0T392S20016"",""XP_714201.2"")"
hypothetical protein METBIDRAFT_30503 [Metschnikowia bicuspidata var. bicuspidata NRRL YB-4993],Metschnikowia bicuspidata var. bicuspidata NRRL YB-4993,NA,869754,115,115,55%,2e-24,30.96,339,"=HYPERLINK(""https://www.ncbi.nlm.nih.gov/protein/XP_018714655.1?report=genbank&log$=prottop&blast_rank=110&RID=0T392S20016"",""XP_018714655.1"")"
"[GPI-anchored] cell wall protein, HYR(-like) family member, putative [Candida dubliniensis CD36]",Candida dubliniensis CD36,NA,573826,119,119,56%,2e-24,30.64,649,"=HYPERLINK(""https://www.ncbi.nlm.nih.gov/protein/XP_002420375.1?report=genbank&log$=prottop&blast_rank=111&RID=0T392S20016"",""XP_002420375.1"")"
uncharacterized protein DIURU_002623 [Diutina rugosa],Diutina rugosa,NA,5481,115,115,54%,2e-24,31.56,331,"=HYPERLINK(""https://www.ncbi.nlm.nih.gov/protein/XP_034012475.1?report=genbank&log$=prottop&blast_rank=112&RID=0T392S20016"",""XP_034012475.1"")"
predicted protein [Candida tropicalis MYA-3404],Candida tropicalis MYA-3404,NA,294747,119,119,58%,3e-24,30.73,1689,"=HYPERLINK(""https://www.ncbi.nlm.nih.gov/protein/XP_002547620.1?report=genbank&log$=prottop&blast_rank=113&RID=0T392S20016"",""XP_002547620.1"")"
hypothetical protein METBIDRAFT_31361 [Metschnikowia bicuspidata var. bicuspidata NRRL YB-4993],Metschnikowia bicuspidata var. bicuspidata NRRL YB-4993,NA,869754,114,114,55%,3e-24,30.94,345,"=HYPERLINK(""https://www.ncbi.nlm.nih.gov/protein/XP_018712964.1?report=genbank&log$=prottop&blast_rank=114&RID=0T392S20016"",""XP_018712964.1"")"
predicted protein [Candida tropicalis MYA-3404],Candida tropicalis MYA-3404,NA,294747,118,118,58%,6e-24,29.23,1383,"=HYPERLINK(""https://www.ncbi.nlm.nih.gov/protein/XP_002545452.1?report=genbank&log$=prottop&blast_rank=115&RID=0T392S20016"",""XP_002545452.1"")"
hyphally regulated cell wall protein [Scheffersomyces stipitis CBS 6054],Scheffersomyces stipitis CBS 6054,NA,322104,114,114,58%,1e-23,29.58,416,"=HYPERLINK(""https://www.ncbi.nlm.nih.gov/protein/XP_001382762.1?report=genbank&log$=prottop&blast_rank=116&RID=0T392S20016"",""XP_001382762.1"")"
uncharacterized protein DIURU_001825 [Diutina rugosa],Diutina rugosa,NA,5481,114,114,50%,8e-23,33.67,1203,"=HYPERLINK(""https://www.ncbi.nlm.nih.gov/protein/XP_034013359.1?report=genbank&log$=prottop&blast_rank=117&RID=0T392S20016"",""XP_034013359.1"")"
hypothetical protein METBIDRAFT_19111 [Metschnikowia bicuspidata var. bicuspidata NRRL YB-4993],Metschnikowia bicuspidata var. bicuspidata NRRL YB-4993,NA,869754,104,104,30%,5e-22,35.59,199,"=HYPERLINK(""https://www.ncbi.nlm.nih.gov/protein/XP_018712348.1?report=genbank&log$=prottop&blast_rank=118&RID=0T392S20016"",""XP_018712348.1"")"
hypothetical protein METBIDRAFT_30639 [Metschnikowia bicuspidata var. bicuspidata NRRL YB-4993],Metschnikowia bicuspidata var. bicuspidata NRRL YB-4993,NA,869754,108,108,55%,6e-22,29.39,367,"=HYPERLINK(""https://www.ncbi.nlm.nih.gov/protein/XP_018714824.1?report=genbank&log$=prottop&blast_rank=119&RID=0T392S20016"",""XP_018714824.1"")"
von Willebrand factor (VWF2) [Scheffersomyces stipitis CBS 6054],Scheffersomyces stipitis CBS 6054,NA,322104,108,108,55%,2e-21,29.61,412,"=HYPERLINK(""https://www.ncbi.nlm.nih.gov/protein/XP_001386216.2?report=genbank&log$=prottop&blast_rank=120&RID=0T392S20016"",""XP_001386216.2"")"
hypothetical protein METBIDRAFT_10716 [Metschnikowia bicuspidata var. bicuspidata NRRL YB-4993],Metschnikowia bicuspidata var. bicuspidata NRRL YB-4993,NA,869754,107,107,57%,2e-21,30.63,344,"=HYPERLINK(""https://www.ncbi.nlm.nih.gov/protein/XP_018712283.1?report=genbank&log$=prottop&blast_rank=121&RID=0T392S20016"",""XP_018712283.1"")"
hypothetical protein METBIDRAFT_48120 [Metschnikowia bicuspidata var. bicuspidata NRRL YB-4993],Metschnikowia bicuspidata var. bicuspidata NRRL YB-4993,NA,869754,106,106,58%,2e-21,31.58,344,"=HYPERLINK(""https://www.ncbi.nlm.nih.gov/protein/XP_018709277.1?report=genbank&log$=prottop&blast_rank=122&RID=0T392S20016"",""XP_018709277.1"")"
hypothetical protein METBIDRAFT_219071 [Metschnikowia bicuspidata var. bicuspidata NRRL YB-4993],Metschnikowia bicuspidata var. bicuspidata NRRL YB-4993,NA,869754,108,108,55%,3e-21,30.96,626,"=HYPERLINK(""https://www.ncbi.nlm.nih.gov/protein/XP_018710226.1?report=genbank&log$=prottop&blast_rank=123&RID=0T392S20016"",""XP_018710226.1"")"
hypothetical protein METBIDRAFT_32429 [Metschnikowia bicuspidata var. bicuspidata NRRL YB-4993],Metschnikowia bicuspidata var. bicuspidata NRRL YB-4993,NA,869754,104,104,54%,1e-20,29.56,333,"=HYPERLINK(""https://www.ncbi.nlm.nih.gov/protein/XP_018710946.1?report=genbank&log$=prottop&blast_rank=124&RID=0T392S20016"",""XP_018710946.1"")"
HYR1-like protein [Scheffersomyces stipitis CBS 6054],Scheffersomyces stipitis CBS 6054,NA,322104,104,104,57%,3e-20,28.11,420,"=HYPERLINK(""https://www.ncbi.nlm.nih.gov/protein/XP_001385024.2?report=genbank&log$=prottop&blast_rank=125&RID=0T392S20016"",""XP_001385024.2"")"
predicted protein [Candida tropicalis MYA-3404],Candida tropicalis MYA-3404,NA,294747,106,106,57%,4e-20,30.35,1230,"=HYPERLINK(""https://www.ncbi.nlm.nih.gov/protein/XP_002550128.1?report=genbank&log$=prottop&blast_rank=126&RID=0T392S20016"",""XP_002550128.1"")"
hyphally regulated cell wall protein [Scheffersomyces stipitis CBS 6054],Scheffersomyces stipitis CBS 6054,NA,322104,102,102,56%,9e-20,30.61,382,"=HYPERLINK(""https://www.ncbi.nlm.nih.gov/protein/XP_001386602.2?report=genbank&log$=prottop&blast_rank=127&RID=0T392S20016"",""XP_001386602.2"")"
hypothetical protein METBIDRAFT_106429 [Metschnikowia bicuspidata var. bicuspidata NRRL YB-4993],Metschnikowia bicuspidata var. bicuspidata NRRL YB-4993,NA,869754,100,100,53%,2e-19,29.43,346,"=HYPERLINK(""https://www.ncbi.nlm.nih.gov/protein/XP_018713972.1?report=genbank&log$=prottop&blast_rank=128&RID=0T392S20016"",""XP_018713972.1"")"
hypothetical protein containing von Willebrand factor and highly repetitive sequences [Scheffersomyces stipitis CBS 6054],Scheffersomyces stipitis CBS 6054,NA,322104,102,102,52%,1e-18,34.29,2303,"=HYPERLINK(""https://www.ncbi.nlm.nih.gov/protein/XP_001385681.2?report=genbank&log$=prottop&blast_rank=129&RID=0T392S20016"",""XP_001385681.2"")"
Hyr1p [Candida albicans SC5314],Candida albicans SC5314,NA,237561,98.6,98.6,56%,1e-17,27.11,919,"=HYPERLINK(""https://www.ncbi.nlm.nih.gov/protein/XP_722183.2?report=genbank&log$=prottop&blast_rank=130&RID=0T392S20016"",""XP_722183.2"")"
uncharacterized protein CANTEDRAFT_112175 [Yamadazyma tenuis ATCC 10573],Yamadazyma tenuis ATCC 10573,NA,590646,94.0,94.0,54%,3e-17,27.13,333,"=HYPERLINK(""https://www.ncbi.nlm.nih.gov/protein/XP_006683698.1?report=genbank&log$=prottop&blast_rank=131&RID=0T392S20016"",""XP_006683698.1"")"
uncharacterized protein CPAR2_702650 [Candida parapsilosis],Candida parapsilosis,NA,5480,90.1,90.1,57%,2e-15,25.21,418,"=HYPERLINK(""https://www.ncbi.nlm.nih.gov/protein/XP_036668412.1?report=genbank&log$=prottop&blast_rank=132&RID=0T392S20016"",""XP_036668412.1"")"
uncharacterized protein DIURU_002632 [Diutina rugosa],Diutina rugosa,NA,5481,90.5,90.5,51%,4e-15,28.48,933,"=HYPERLINK(""https://www.ncbi.nlm.nih.gov/protein/XP_034012484.1?report=genbank&log$=prottop&blast_rank=133&RID=0T392S20016"",""XP_034012484.1"")"
uncharacterized protein DIURU_002624 [Diutina rugosa],Diutina rugosa,NA,5481,90.1,90.1,54%,6e-15,29.39,998,"=HYPERLINK(""https://www.ncbi.nlm.nih.gov/protein/XP_034012476.1?report=genbank&log$=prottop&blast_rank=134&RID=0T392S20016"",""XP_034012476.1"")"
hypothetical protein LELG_05651 [Lodderomyces elongisporus NRRL YB-4239],Lodderomyces elongisporus NRRL YB-4239,NA,379508,89.4,89.4,57%,1e-14,29.07,3496,"=HYPERLINK(""https://www.ncbi.nlm.nih.gov/protein/XP_001523105.1?report=genbank&log$=prottop&blast_rank=135&RID=0T392S20016"",""XP_001523105.1"")"
hypothetical protein METBIDRAFT_18603 [Metschnikowia bicuspidata var. bicuspidata NRRL YB-4993],Metschnikowia bicuspidata var. bicuspidata NRRL YB-4993,NA,869754,82.4,82.4,29%,2e-14,32.37,176,"=HYPERLINK(""https://www.ncbi.nlm.nih.gov/protein/XP_018709279.1?report=genbank&log$=prottop&blast_rank=136&RID=0T392S20016"",""XP_018709279.1"")"
hypothetical protein METBIDRAFT_51084 [Metschnikowia bicuspidata var. bicuspidata NRRL YB-4993],Metschnikowia bicuspidata var. bicuspidata NRRL YB-4993,NA,869754,82.0,82.0,30%,4e-14,31.46,197,"=HYPERLINK(""https://www.ncbi.nlm.nih.gov/protein/XP_018714230.1?report=genbank&log$=prottop&blast_rank=137&RID=0T392S20016"",""XP_018714230.1"")"
uncharacterized protein CPAR2_404110 [Candida parapsilosis],Candida parapsilosis,NA,5480,85.5,85.5,51%,5e-14,25.65,410,"=HYPERLINK(""https://www.ncbi.nlm.nih.gov/protein/XP_036667770.1?report=genbank&log$=prottop&blast_rank=138&RID=0T392S20016"",""XP_036667770.1"")"
"hyphally regulated cell wall protein, putative [Candida dubliniensis CD36]",Candida dubliniensis CD36,NA,573826,86.3,86.3,56%,6e-14,26.04,534,"=HYPERLINK(""https://www.ncbi.nlm.nih.gov/protein/XP_002419003.1?report=genbank&log$=prottop&blast_rank=139&RID=0T392S20016"",""XP_002419003.1"")"
uncharacterized protein CPAR2_106920 [Candida parapsilosis],Candida parapsilosis,NA,5480,84.7,84.7,56%,1e-13,26.42,438,"=HYPERLINK(""https://www.ncbi.nlm.nih.gov/protein/XP_036663837.1?report=genbank&log$=prottop&blast_rank=140&RID=0T392S20016"",""XP_036663837.1"")"
predicted protein [Candida tropicalis MYA-3404],Candida tropicalis MYA-3404,NA,294747,82.8,82.8,58%,2e-13,26.61,328,"=HYPERLINK(""https://www.ncbi.nlm.nih.gov/protein/XP_002546744.1?report=genbank&log$=prottop&blast_rank=141&RID=0T392S20016"",""XP_002546744.1"")"
hypothetical protein KAFR_0I02570 [Kazachstania africana CBS 2517],Kazachstania africana CBS 2517,NA,1071382,84.7,84.7,37%,2e-13,35.29,770,"=HYPERLINK(""https://www.ncbi.nlm.nih.gov/protein/XP_003959171.1?report=genbank&log$=prottop&blast_rank=142&RID=0T392S20016"",""XP_003959171.1"")"
hypothetical protein CLUG_05597 [Clavispora lusitaniae ATCC 42720],Clavispora lusitaniae ATCC 42720,NA,306902,83.2,83.2,55%,2e-13,29.73,402,"=HYPERLINK(""https://www.ncbi.nlm.nih.gov/protein/XP_002614819.1?report=genbank&log$=prottop&blast_rank=143&RID=0T392S20016"",""XP_002614819.1"")"
uncharacterized protein CPAR2_301310 [Candida parapsilosis],Candida parapsilosis,NA,5480,82.4,82.4,52%,6e-13,25.86,411,"=HYPERLINK(""https://www.ncbi.nlm.nih.gov/protein/XP_036664320.1?report=genbank&log$=prottop&blast_rank=144&RID=0T392S20016"",""XP_036664320.1"")"
hypothetical protein NCAS_0J02330 [Naumovozyma castellii CBS 4309],Naumovozyma castellii CBS 4309,NA,1064592,83.6,83.6,53%,6e-13,27.87,773,"=HYPERLINK(""https://www.ncbi.nlm.nih.gov/protein/XP_003678549.1?report=genbank&log$=prottop&blast_rank=145&RID=0T392S20016"",""XP_003678549.1"")"
conserved hypothetical protein [Candida tropicalis MYA-3404],Candida tropicalis MYA-3404,NA,294747,82.8,82.8,36%,1e-12,30.18,1626,"=HYPERLINK(""https://www.ncbi.nlm.nih.gov/protein/XP_002547616.1?report=genbank&log$=prottop&blast_rank=146&RID=0T392S20016"",""XP_002547616.1"")"
Iff11p [Candida albicans SC5314],Candida albicans SC5314,NA,237561,81.6,81.6,56%,1e-12,25.74,511,"=HYPERLINK(""https://www.ncbi.nlm.nih.gov/protein/XP_717774.1?report=genbank&log$=prottop&blast_rank=147&RID=0T392S20016"",""XP_717774.1"")"
uncharacterized protein CPAR2_301290 [Candida parapsilosis],Candida parapsilosis,NA,5480,81.3,81.3,56%,1e-12,26.01,439,"=HYPERLINK(""https://www.ncbi.nlm.nih.gov/protein/XP_036664318.1?report=genbank&log$=prottop&blast_rank=148&RID=0T392S20016"",""XP_036664318.1"")"
uncharacterized protein AC631_05239 [Debaryomyces fabryi],Debaryomyces fabryi,NA,58627,79.7,79.7,42%,5e-12,32.84,429,"=HYPERLINK(""https://www.ncbi.nlm.nih.gov/protein/XP_015465113.1?report=genbank&log$=prottop&blast_rank=149&RID=0T392S20016"",""XP_015465113.1"")"
hypothetical protein METBIDRAFT_32263 [Metschnikowia bicuspidata var. bicuspidata NRRL YB-4993],Metschnikowia bicuspidata var. bicuspidata NRRL YB-4993,NA,869754,77.4,77.4,41%,5e-12,30.89,256,"=HYPERLINK(""https://www.ncbi.nlm.nih.gov/protein/XP_018710763.1?report=genbank&log$=prottop&blast_rank=150&RID=0T392S20016"",""XP_018710763.1"")"
predicted protein [Candida tropicalis MYA-3404],Candida tropicalis MYA-3404,NA,294747,80.1,80.1,54%,5e-12,27.10,588,"=HYPERLINK(""https://www.ncbi.nlm.nih.gov/protein/XP_002550387.1?report=genbank&log$=prottop&blast_rank=151&RID=0T392S20016"",""XP_002550387.1"")"
uncharacterized protein CPAR2_106910 [Candida parapsilosis],Candida parapsilosis,NA,5480,79.0,79.0,47%,6e-12,25.35,404,"=HYPERLINK(""https://www.ncbi.nlm.nih.gov/protein/XP_036663836.1?report=genbank&log$=prottop&blast_rank=152&RID=0T392S20016"",""XP_036663836.1"")"
predicted protein [Candida tropicalis MYA-3404],Candida tropicalis MYA-3404,NA,294747,79.7,79.7,53%,9e-12,25.71,669,"=HYPERLINK(""https://www.ncbi.nlm.nih.gov/protein/XP_002547891.1?report=genbank&log$=prottop&blast_rank=153&RID=0T392S20016"",""XP_002547891.1"")"
uncharacterized protein CPAR2_301320 [Candida parapsilosis],Candida parapsilosis,NA,5480,78.2,78.2,58%,1e-11,25.63,419,"=HYPERLINK(""https://www.ncbi.nlm.nih.gov/protein/XP_036664321.1?report=genbank&log$=prottop&blast_rank=154&RID=0T392S20016"",""XP_036664321.1"")"
DEHA2D00132p [Debaryomyces hansenii CBS767],Debaryomyces hansenii CBS767,NA,284592,79.0,79.0,44%,2e-11,32.86,949,"=HYPERLINK(""https://www.ncbi.nlm.nih.gov/protein/XP_002770240.1?report=genbank&log$=prottop&blast_rank=155&RID=0T392S20016"",""XP_002770240.1"")"
uncharacterized protein CPAR2_404120 [Candida parapsilosis],Candida parapsilosis,NA,5480,77.4,77.4,57%,2e-11,25.00,420,"=HYPERLINK(""https://www.ncbi.nlm.nih.gov/protein/XP_036667771.1?report=genbank&log$=prottop&blast_rank=156&RID=0T392S20016"",""XP_036667771.1"")"
predicted protein [Candida tropicalis MYA-3404],Candida tropicalis MYA-3404,NA,294747,78.6,78.6,32%,2e-11,29.95,656,"=HYPERLINK(""https://www.ncbi.nlm.nih.gov/protein/XP_002545510.1?report=genbank&log$=prottop&blast_rank=157&RID=0T392S20016"",""XP_002545510.1"")"
hypothetical protein CORT_0C02750 [Candida orthopsilosis Co 90-125],Candida orthopsilosis Co 90-125,NA,1136231,78.2,78.2,51%,3e-11,25.16,774,"=HYPERLINK(""https://www.ncbi.nlm.nih.gov/protein/XP_003868555.1?report=genbank&log$=prottop&blast_rank=158&RID=0T392S20016"",""XP_003868555.1"")"
hypothetical protein CLUG_04844 [Clavispora lusitaniae ATCC 42720],Clavispora lusitaniae ATCC 42720,NA,306902,77.8,77.8,50%,3e-11,29.35,702,"=HYPERLINK(""https://www.ncbi.nlm.nih.gov/protein/XP_002614829.1?report=genbank&log$=prottop&blast_rank=159&RID=0T392S20016"",""XP_002614829.1"")"
"cell wall mannoprotein, putative [Candida dubliniensis CD36]",Candida dubliniensis CD36,NA,573826,77.4,77.4,58%,7e-11,25.43,1268,"=HYPERLINK(""https://www.ncbi.nlm.nih.gov/protein/XP_002419002.1?report=genbank&log$=prottop&blast_rank=160&RID=0T392S20016"",""XP_002419002.1"")"
hypothetical protein KNAG_0I02500 [Kazachstania naganishii CBS 8797],Kazachstania naganishii CBS 8797,NA,1071383,76.6,76.6,51%,9e-11,27.94,1096,"=HYPERLINK(""https://www.ncbi.nlm.nih.gov/protein/XP_022466281.1?report=genbank&log$=prottop&blast_rank=161&RID=0T392S20016"",""XP_022466281.1"")"
hypothetical protein KNAG_0I02620 [Kazachstania naganishii CBS 8797],Kazachstania naganishii CBS 8797,NA,1071383,75.9,75.9,48%,2e-10,31.27,1196,"=HYPERLINK(""https://www.ncbi.nlm.nih.gov/protein/XP_022466292.1?report=genbank&log$=prottop&blast_rank=162&RID=0T392S20016"",""XP_022466292.1"")"
hypothetical protein METBIDRAFT_33875 [Metschnikowia bicuspidata var. bicuspidata NRRL YB-4993],Metschnikowia bicuspidata var. bicuspidata NRRL YB-4993,NA,869754,72.4,72.4,41%,2e-10,30.08,257,"=HYPERLINK(""https://www.ncbi.nlm.nih.gov/protein/XP_018709274.1?report=genbank&log$=prottop&blast_rank=163&RID=0T392S20016"",""XP_018709274.1"")"
hypothetical protein KAFR_0G00120 [Kazachstania africana CBS 2517],Kazachstania africana CBS 2517,NA,1071382,73.9,73.9,38%,2e-10,28.88,368,"=HYPERLINK(""https://www.ncbi.nlm.nih.gov/protein/XP_003958180.1?report=genbank&log$=prottop&blast_rank=164&RID=0T392S20016"",""XP_003958180.1"")"
uncharacterized protein CPAR2_301300 [Candida parapsilosis],Candida parapsilosis,NA,5480,73.6,73.6,53%,4e-10,25.74,414,"=HYPERLINK(""https://www.ncbi.nlm.nih.gov/protein/XP_036664319.1?report=genbank&log$=prottop&blast_rank=165&RID=0T392S20016"",""XP_036664319.1"")"
hypothetical protein METBIDRAFT_223058 [Metschnikowia bicuspidata var. bicuspidata NRRL YB-4993],Metschnikowia bicuspidata var. bicuspidata NRRL YB-4993,NA,869754,73.6,73.6,36%,5e-10,30.81,466,"=HYPERLINK(""https://www.ncbi.nlm.nih.gov/protein/XP_018709944.1?report=genbank&log$=prottop&blast_rank=166&RID=0T392S20016"",""XP_018709944.1"")"
hypothetical protein KAFR_0K02610 [Kazachstania africana CBS 2517],Kazachstania africana CBS 2517,NA,1071382,73.9,73.9,46%,7e-10,29.72,1546,"=HYPERLINK(""https://www.ncbi.nlm.nih.gov/protein/XP_003959752.1?report=genbank&log$=prottop&blast_rank=167&RID=0T392S20016"",""XP_003959752.1"")"
hypothetical protein KAFR_0I01780 [Kazachstania africana CBS 2517],Kazachstania africana CBS 2517,NA,1071382,73.6,73.6,46%,8e-10,30.14,805,"=HYPERLINK(""https://www.ncbi.nlm.nih.gov/protein/XP_003959094.1?report=genbank&log$=prottop&blast_rank=168&RID=0T392S20016"",""XP_003959094.1"")"
LOW QUALITY PROTEIN: FLO9p [Candida albicans SC5314],Candida albicans SC5314,NA,237561,73.6,73.6,37%,1e-09,27.31,1244,"=HYPERLINK(""https://www.ncbi.nlm.nih.gov/protein/XP_717775.2?report=genbank&log$=prottop&blast_rank=169&RID=0T392S20016"",""XP_717775.2"")"
hypothetical protein CYBJADRAFT_192479 [Cyberlindnera jadinii NRRL Y-1542],Cyberlindnera jadinii NRRL Y-1542,NA,983966,72.0,72.0,43%,2e-09,33.46,472,"=HYPERLINK(""https://www.ncbi.nlm.nih.gov/protein/XP_020067797.1?report=genbank&log$=prottop&blast_rank=170&RID=0T392S20016"",""XP_020067797.1"")"
hypothetical protein KAFR_0L02140 [Kazachstania africana CBS 2517],Kazachstania africana CBS 2517,NA,1071382,73.2,73.2,32%,2e-09,34.02,3196,"=HYPERLINK(""https://www.ncbi.nlm.nih.gov/protein/XP_003959960.1?report=genbank&log$=prottop&blast_rank=171&RID=0T392S20016"",""XP_003959960.1"")"
predicted protein [Candida tropicalis MYA-3404],Candida tropicalis MYA-3404,NA,294747,72.4,72.4,56%,2e-09,28.02,1038,"=HYPERLINK(""https://www.ncbi.nlm.nih.gov/protein/XP_002547904.1?report=genbank&log$=prottop&blast_rank=172&RID=0T392S20016"",""XP_002547904.1"")"
uncharacterized protein CPAR2_301330 [Candida parapsilosis],Candida parapsilosis,NA,5480,71.2,71.2,50%,2e-09,23.84,437,"=HYPERLINK(""https://www.ncbi.nlm.nih.gov/protein/XP_036664322.1?report=genbank&log$=prottop&blast_rank=173&RID=0T392S20016"",""XP_036664322.1"")"
hypothetical protein CLUG_05593 [Clavispora lusitaniae ATCC 42720],Clavispora lusitaniae ATCC 42720,NA,306902,70.9,70.9,56%,5e-09,26.84,674,"=HYPERLINK(""https://www.ncbi.nlm.nih.gov/protein/XP_002614815.1?report=genbank&log$=prottop&blast_rank=174&RID=0T392S20016"",""XP_002614815.1"")"
uncharacterized protein CAGL0I07293g [[Candida] glabrata],[Candida] glabrata,NA,5478,68.9,68.9,51%,3e-08,28.31,1771,"=HYPERLINK(""https://www.ncbi.nlm.nih.gov/protein/XP_447567.2?report=genbank&log$=prottop&blast_rank=175&RID=0T392S20016"",""XP_447567.2"")"
hypothetical protein CLUG_05601 [Clavispora lusitaniae ATCC 42720],Clavispora lusitaniae ATCC 42720,NA,306902,68.6,68.6,49%,3e-08,30.33,780,"=HYPERLINK(""https://www.ncbi.nlm.nih.gov/protein/XP_002614115.1?report=genbank&log$=prottop&blast_rank=176&RID=0T392S20016"",""XP_002614115.1"")"
predicted protein [Candida tropicalis MYA-3404],Candida tropicalis MYA-3404,NA,294747,67.8,67.8,54%,3e-08,27.04,455,"=HYPERLINK(""https://www.ncbi.nlm.nih.gov/protein/XP_002550768.1?report=genbank&log$=prottop&blast_rank=177&RID=0T392S20016"",""XP_002550768.1"")"
hypothetical protein KAFR_0F02720 [Kazachstania africana CBS 2517],Kazachstania africana CBS 2517,NA,1071382,67.4,67.4,28%,8e-08,32.48,893,"=HYPERLINK(""https://www.ncbi.nlm.nih.gov/protein/XP_003958004.1?report=genbank&log$=prottop&blast_rank=178&RID=0T392S20016"",""XP_003958004.1"")"
hypothetical protein KAFR_0C02480 [Kazachstania africana CBS 2517],Kazachstania africana CBS 2517,NA,1071382,66.6,66.6,37%,9e-08,32.13,626,"=HYPERLINK(""https://www.ncbi.nlm.nih.gov/protein/XP_003956376.1?report=genbank&log$=prottop&blast_rank=179&RID=0T392S20016"",""XP_003956376.1"")"
hypothetical protein METBIDRAFT_9730 [Metschnikowia bicuspidata var. bicuspidata NRRL YB-4993],Metschnikowia bicuspidata var. bicuspidata NRRL YB-4993,NA,869754,65.1,65.1,48%,1e-07,25.36,318,"=HYPERLINK(""https://www.ncbi.nlm.nih.gov/protein/XP_018713950.1?report=genbank&log$=prottop&blast_rank=180&RID=0T392S20016"",""XP_018713950.1"")"
hypothetical protein CLUG_05606 [Clavispora lusitaniae ATCC 42720],Clavispora lusitaniae ATCC 42720,NA,306902,65.1,65.1,56%,3e-07,26.67,624,"=HYPERLINK(""https://www.ncbi.nlm.nih.gov/protein/XP_002614120.1?report=genbank&log$=prottop&blast_rank=181&RID=0T392S20016"",""XP_002614120.1"")"
agglutinin-like protein 2 [Scheffersomyces stipitis CBS 6054],Scheffersomyces stipitis CBS 6054,NA,322104,65.5,65.5,58%,3e-07,26.30,1452,"=HYPERLINK(""https://www.ncbi.nlm.nih.gov/protein/XP_001383953.2?report=genbank&log$=prottop&blast_rank=182&RID=0T392S20016"",""XP_001383953.2"")"
hypothetical protein KAFR_0I00100 [Kazachstania africana CBS 2517],Kazachstania africana CBS 2517,NA,1071382,65.1,65.1,37%,4e-07,33.33,1072,"=HYPERLINK(""https://www.ncbi.nlm.nih.gov/protein/XP_003958926.1?report=genbank&log$=prottop&blast_rank=183&RID=0T392S20016"",""XP_003958926.1"")"
predicted protein [Candida tropicalis MYA-3404],Candida tropicalis MYA-3404,NA,294747,64.3,64.3,25%,6e-07,32.69,878,"=HYPERLINK(""https://www.ncbi.nlm.nih.gov/protein/XP_002550902.1?report=genbank&log$=prottop&blast_rank=184&RID=0T392S20016"",""XP_002550902.1"")"
hypothetical protein NDAI_0K02500 [Naumovozyma dairenensis CBS 421],Naumovozyma dairenensis CBS 421,NA,1071378,63.2,63.2,51%,9e-07,26.42,476,"=HYPERLINK(""https://www.ncbi.nlm.nih.gov/protein/XP_003672684.1?report=genbank&log$=prottop&blast_rank=185&RID=0T392S20016"",""XP_003672684.1"")"
hypothetical protein METBIDRAFT_228734 [Metschnikowia bicuspidata var. bicuspidata NRRL YB-4993],Metschnikowia bicuspidata var. bicuspidata NRRL YB-4993,NA,869754,60.8,60.8,35%,1e-06,23.04,220,"=HYPERLINK(""https://www.ncbi.nlm.nih.gov/protein/XP_018714578.1?report=genbank&log$=prottop&blast_rank=186&RID=0T392S20016"",""XP_018714578.1"")"
uncharacterized protein CAGL0E06600g [[Candida] glabrata],[Candida] glabrata,NA,5478,63.2,63.2,55%,2e-06,28.36,965,"=HYPERLINK(""https://www.ncbi.nlm.nih.gov/protein/XP_445977.1?report=genbank&log$=prottop&blast_rank=187&RID=0T392S20016"",""XP_445977.1"")"
hypothetical protein NDAI_0I00800 [Naumovozyma dairenensis CBS 421],Naumovozyma dairenensis CBS 421,NA,1071378,62.8,62.8,58%,2e-06,25.42,867,"=HYPERLINK(""https://www.ncbi.nlm.nih.gov/protein/XP_003671892.1?report=genbank&log$=prottop&blast_rank=188&RID=0T392S20016"",""XP_003671892.1"")"
hypothetical protein SPOG_03650 [Schizosaccharomyces cryophilus OY26],Schizosaccharomyces cryophilus OY26,NA,653667,61.6,61.6,49%,2e-06,28.00,393,"=HYPERLINK(""https://www.ncbi.nlm.nih.gov/protein/XP_013021368.1?report=genbank&log$=prottop&blast_rank=189&RID=0T392S20016"",""XP_013021368.1"")"
uncharacterized protein CPAR2_806420 [Candida parapsilosis],Candida parapsilosis,NA,5480,62.4,62.4,29%,3e-06,35.63,1714,"=HYPERLINK(""https://www.ncbi.nlm.nih.gov/protein/XP_036665265.1?report=genbank&log$=prottop&blast_rank=190&RID=0T392S20016"",""XP_036665265.1"")"
