Description,Scientific Name,Max Score,Total Score,Query Cover,E value,Per. ident,Acc. Len,Accession  
uncharacterized protein CJI97_004172 [[Candida] auris],[Candida] auris,639,639,90%,0.0,100.00,3052,"=HYPERLINK(""https://www.ncbi.nlm.nih.gov/protein/XP_028889033.1?report=genbank&log$=prottop&blast_rank=1&RID=D9V55EAR016"",""XP_028889033.1"")"
uncharacterized protein CJI97_004560 [[Candida] auris],[Candida] auris,518,518,88%,4e-167,82.50,1704,"=HYPERLINK(""https://www.ncbi.nlm.nih.gov/protein/XP_028888611.1?report=genbank&log$=prottop&blast_rank=2&RID=D9V55EAR016"",""XP_028888611.1"")"
hypothetical protein CXQ85_003766 [[Candida] haemuloni],[Candida] haemuloni,518,518,89%,9e-164,81.31,2672,"=HYPERLINK(""https://www.ncbi.nlm.nih.gov/protein/XP_025344416.1?report=genbank&log$=prottop&blast_rank=3&RID=D9V55EAR016"",""XP_025344416.1"")"
hypothetical protein CXQ85_003757 [[Candida] haemuloni],[Candida] haemuloni,481,481,88%,1e-150,77.43,4416,"=HYPERLINK(""https://www.ncbi.nlm.nih.gov/protein/XP_025344407.1?report=genbank&log$=prottop&blast_rank=4&RID=D9V55EAR016"",""XP_025344407.1"")"
hypothetical protein C7M61_003292 [[Candida] pseudohaemulonii],[Candida] pseudohaemulonii,477,477,88%,1e-149,76.56,3335,"=HYPERLINK(""https://www.ncbi.nlm.nih.gov/protein/XP_024713121.1?report=genbank&log$=prottop&blast_rank=5&RID=D9V55EAR016"",""XP_024713121.1"")"
uncharacterized protein CXQ87_001664 [[Candida] duobushaemulonis],[Candida] duobushaemulonis,477,477,89%,1e-149,74.61,3113,"=HYPERLINK(""https://www.ncbi.nlm.nih.gov/protein/XP_025334498.1?report=genbank&log$=prottop&blast_rank=6&RID=D9V55EAR016"",""XP_025334498.1"")"
uncharacterized protein CXQ87_005018 [[Candida] duobushaemulonis],[Candida] duobushaemulonis,466,466,88%,7e-147,75.00,1873,"=HYPERLINK(""https://www.ncbi.nlm.nih.gov/protein/XP_025335682.1?report=genbank&log$=prottop&blast_rank=7&RID=D9V55EAR016"",""XP_025335682.1"")"
hypothetical protein CXQ85_003952 [[Candida] haemuloni],[Candida] haemuloni,446,446,88%,1e-142,71.56,1320,"=HYPERLINK(""https://www.ncbi.nlm.nih.gov/protein/XP_025344601.1?report=genbank&log$=prottop&blast_rank=8&RID=D9V55EAR016"",""XP_025344601.1"")"
hypothetical protein C7M61_003290 [[Candida] pseudohaemulonii],[Candida] pseudohaemulonii,409,409,87%,1e-133,65.71,765,"=HYPERLINK(""https://www.ncbi.nlm.nih.gov/protein/XP_024713119.1?report=genbank&log$=prottop&blast_rank=9&RID=D9V55EAR016"",""XP_024713119.1"")"
hypothetical protein CXQ85_004563 [[Candida] haemuloni],[Candida] haemuloni,416,416,90%,6e-132,64.42,1221,"=HYPERLINK(""https://www.ncbi.nlm.nih.gov/protein/XP_025342839.1?report=genbank&log$=prottop&blast_rank=10&RID=D9V55EAR016"",""XP_025342839.1"")"
uncharacterized protein CXQ87_005009 [[Candida] duobushaemulonis],[Candida] duobushaemulonis,399,399,89%,2e-131,64.29,637,"=HYPERLINK(""https://www.ncbi.nlm.nih.gov/protein/XP_025337653.1?report=genbank&log$=prottop&blast_rank=11&RID=D9V55EAR016"",""XP_025337653.1"")"
hypothetical protein CXQ85_004549 [[Candida] haemuloni],[Candida] haemuloni,400,400,87%,6e-131,64.44,729,"=HYPERLINK(""https://www.ncbi.nlm.nih.gov/protein/XP_025341971.1?report=genbank&log$=prottop&blast_rank=12&RID=D9V55EAR016"",""XP_025341971.1"")"
uncharacterized protein CXQ87_001666 [[Candida] duobushaemulonis],[Candida] duobushaemulonis,406,406,88%,2e-130,65.09,973,"=HYPERLINK(""https://www.ncbi.nlm.nih.gov/protein/XP_025334500.1?report=genbank&log$=prottop&blast_rank=13&RID=D9V55EAR016"",""XP_025334500.1"")"
uncharacterized protein CJI97_005649 [[Candida] auris],[Candida] auris,396,396,86%,2e-128,66.88,787,"=HYPERLINK(""https://www.ncbi.nlm.nih.gov/protein/XP_028887965.1?report=genbank&log$=prottop&blast_rank=14&RID=D9V55EAR016"",""XP_028887965.1"")"
uncharacterized protein CJI97_004173 [[Candida] auris],[Candida] auris,391,391,87%,4e-128,64.76,662,"=HYPERLINK(""https://www.ncbi.nlm.nih.gov/protein/XP_028889034.1?report=genbank&log$=prottop&blast_rank=15&RID=D9V55EAR016"",""XP_028889034.1"")"
hypothetical protein CXQ85_004928 [[Candida] haemuloni],[Candida] haemuloni,414,414,85%,1e-127,67.65,2259,"=HYPERLINK(""https://www.ncbi.nlm.nih.gov/protein/XP_025343300.1?report=genbank&log$=prottop&blast_rank=16&RID=D9V55EAR016"",""XP_025343300.1"")"
hypothetical protein C7M61_004332 [[Candida] pseudohaemulonii],[Candida] pseudohaemulonii,382,382,87%,2e-125,65.08,596,"=HYPERLINK(""https://www.ncbi.nlm.nih.gov/protein/XP_024712323.1?report=genbank&log$=prottop&blast_rank=17&RID=D9V55EAR016"",""XP_024712323.1"")"
hypothetical protein C7M61_005282 [[Candida] pseudohaemulonii],[Candida] pseudohaemulonii,379,379,90%,6e-123,61.54,703,"=HYPERLINK(""https://www.ncbi.nlm.nih.gov/protein/XP_024711259.1?report=genbank&log$=prottop&blast_rank=18&RID=D9V55EAR016"",""XP_024711259.1"")"
uncharacterized protein CXQ87_005334 [[Candida] duobushaemulonis],[Candida] duobushaemulonis,376,376,87%,2e-121,63.09,727,"=HYPERLINK(""https://www.ncbi.nlm.nih.gov/protein/XP_025335995.1?report=genbank&log$=prottop&blast_rank=19&RID=D9V55EAR016"",""XP_025335995.1"")"
hypothetical protein C7M61_005119 [[Candida] pseudohaemulonii],[Candida] pseudohaemulonii,377,377,90%,7e-116,60.00,1534,"=HYPERLINK(""https://www.ncbi.nlm.nih.gov/protein/XP_024711351.1?report=genbank&log$=prottop&blast_rank=20&RID=D9V55EAR016"",""XP_024711351.1"")"
uncharacterized protein CXQ87_004674 [[Candida] duobushaemulonis],[Candida] duobushaemulonis,376,376,90%,8e-115,61.23,1785,"=HYPERLINK(""https://www.ncbi.nlm.nih.gov/protein/XP_025338053.1?report=genbank&log$=prottop&blast_rank=21&RID=D9V55EAR016"",""XP_025338053.1"")"
uncharacterized protein CJI97_001778 [[Candida] auris],[Candida] auris,369,369,86%,2e-113,61.02,1375,"=HYPERLINK(""https://www.ncbi.nlm.nih.gov/protein/XP_028892406.1?report=genbank&log$=prottop&blast_rank=22&RID=D9V55EAR016"",""XP_028892406.1"")"
uncharacterized protein CXQ87_005004 [[Candida] duobushaemulonis],[Candida] duobushaemulonis,359,359,90%,2e-109,56.92,1427,"=HYPERLINK(""https://www.ncbi.nlm.nih.gov/protein/XP_025337648.1?report=genbank&log$=prottop&blast_rank=23&RID=D9V55EAR016"",""XP_025337648.1"")"
hypothetical protein C7M61_004327 [[Candida] pseudohaemulonii],[Candida] pseudohaemulonii,347,549,90%,2e-104,57.41,3575,"=HYPERLINK(""https://www.ncbi.nlm.nih.gov/protein/XP_024712318.1?report=genbank&log$=prottop&blast_rank=24&RID=D9V55EAR016"",""XP_024712318.1"")"
hypothetical protein CXQ85_005377 [[Candida] haemuloni],[Candida] haemuloni,320,320,86%,3e-96,54.95,1165,"=HYPERLINK(""https://www.ncbi.nlm.nih.gov/protein/XP_025343289.1?report=genbank&log$=prottop&blast_rank=25&RID=D9V55EAR016"",""XP_025343289.1"")"
hypothetical protein C7M61_001351 [[Candida] pseudohaemulonii],[Candida] pseudohaemulonii,299,299,89%,7e-89,52.01,1131,"=HYPERLINK(""https://www.ncbi.nlm.nih.gov/protein/XP_024716363.1?report=genbank&log$=prottop&blast_rank=26&RID=D9V55EAR016"",""XP_024716363.1"")"
hypothetical protein C7M61_001353 [[Candida] pseudohaemulonii],[Candida] pseudohaemulonii,303,303,71%,8e-89,62.16,2268,"=HYPERLINK(""https://www.ncbi.nlm.nih.gov/protein/XP_024716365.1?report=genbank&log$=prottop&blast_rank=27&RID=D9V55EAR016"",""XP_024716365.1"")"
hypothetical protein C7M61_005118 [[Candida] pseudohaemulonii],[Candida] pseudohaemulonii,263,263,88%,1e-77,47.95,804,"=HYPERLINK(""https://www.ncbi.nlm.nih.gov/protein/XP_024711350.1?report=genbank&log$=prottop&blast_rank=28&RID=D9V55EAR016"",""XP_024711350.1"")"
hypothetical protein CXQ85_000013 [[Candida] haemuloni],[Candida] haemuloni,261,261,90%,1e-75,46.93,962,"=HYPERLINK(""https://www.ncbi.nlm.nih.gov/protein/XP_025341988.1?report=genbank&log$=prottop&blast_rank=29&RID=D9V55EAR016"",""XP_025341988.1"")"
hypothetical protein METBIDRAFT_24535 [Metschnikowia bicuspidata var. bicuspidata NRRL YB-4993],Metschnikowia bicuspidata var. bicuspidata NRRL YB-4993,231,231,85%,3e-69,47.17,363,"=HYPERLINK(""https://www.ncbi.nlm.nih.gov/protein/XP_018712269.1?report=genbank&log$=prottop&blast_rank=30&RID=D9V55EAR016"",""XP_018712269.1"")"
DEHA2G24970p [Debaryomyces hansenii CBS767],Debaryomyces hansenii CBS767,240,240,85%,6e-69,45.43,775,"=HYPERLINK(""https://www.ncbi.nlm.nih.gov/protein/XP_462630.1?report=genbank&log$=prottop&blast_rank=31&RID=D9V55EAR016"",""XP_462630.1"")"
hypothetical protein METBIDRAFT_46484 [Metschnikowia bicuspidata var. bicuspidata NRRL YB-4993],Metschnikowia bicuspidata var. bicuspidata NRRL YB-4993,225,225,87%,3e-67,44.79,360,"=HYPERLINK(""https://www.ncbi.nlm.nih.gov/protein/XP_018709942.1?report=genbank&log$=prottop&blast_rank=32&RID=D9V55EAR016"",""XP_018709942.1"")"
uncharacterized protein CXQ87_003607 [[Candida] duobushaemulonis],[Candida] duobushaemulonis,223,223,90%,9e-62,40.84,932,"=HYPERLINK(""https://www.ncbi.nlm.nih.gov/protein/XP_025336698.1?report=genbank&log$=prottop&blast_rank=33&RID=D9V55EAR016"",""XP_025336698.1"")"
DEHA2B01452p [Debaryomyces hansenii CBS767],Debaryomyces hansenii CBS767,222,222,87%,6e-61,43.73,1597,"=HYPERLINK(""https://www.ncbi.nlm.nih.gov/protein/XP_002770057.1?report=genbank&log$=prottop&blast_rank=34&RID=D9V55EAR016"",""XP_002770057.1"")"
uncharacterized protein CJI97_001451 [[Candida] auris],[Candida] auris,219,219,87%,1e-60,43.12,833,"=HYPERLINK(""https://www.ncbi.nlm.nih.gov/protein/XP_028892087.1?report=genbank&log$=prottop&blast_rank=35&RID=D9V55EAR016"",""XP_028892087.1"")"
hypothetical protein CXQ85_004198 [[Candida] haemuloni],[Candida] haemuloni,216,216,85%,6e-60,39.94,817,"=HYPERLINK(""https://www.ncbi.nlm.nih.gov/protein/XP_025341634.1?report=genbank&log$=prottop&blast_rank=36&RID=D9V55EAR016"",""XP_025341634.1"")"
uncharacterized protein CXQ87_005017 [[Candida] duobushaemulonis],[Candida] duobushaemulonis,218,218,89%,2e-59,42.99,1353,"=HYPERLINK(""https://www.ncbi.nlm.nih.gov/protein/XP_025335681.1?report=genbank&log$=prottop&blast_rank=37&RID=D9V55EAR016"",""XP_025335681.1"")"
hypothetical protein CXQ85_002807 [[Candida] haemuloni],[Candida] haemuloni,212,212,84%,9e-59,42.36,745,"=HYPERLINK(""https://www.ncbi.nlm.nih.gov/protein/XP_025344020.1?report=genbank&log$=prottop&blast_rank=38&RID=D9V55EAR016"",""XP_025344020.1"")"
hypothetical protein C7M61_005183 [[Candida] pseudohaemulonii],[Candida] pseudohaemulonii,213,213,90%,2e-58,39.82,899,"=HYPERLINK(""https://www.ncbi.nlm.nih.gov/protein/XP_024711300.1?report=genbank&log$=prottop&blast_rank=39&RID=D9V55EAR016"",""XP_024711300.1"")"
uncharacterized protein CJI97_004515 [[Candida] auris],[Candida] auris,202,202,86%,2e-55,38.39,717,"=HYPERLINK(""https://www.ncbi.nlm.nih.gov/protein/XP_028889361.1?report=genbank&log$=prottop&blast_rank=40&RID=D9V55EAR016"",""XP_028889361.1"")"
hypothetical protein METBIDRAFT_47683 [Metschnikowia bicuspidata var. bicuspidata NRRL YB-4993],Metschnikowia bicuspidata var. bicuspidata NRRL YB-4993,197,197,87%,6e-55,42.06,516,"=HYPERLINK(""https://www.ncbi.nlm.nih.gov/protein/XP_018709340.1?report=genbank&log$=prottop&blast_rank=41&RID=D9V55EAR016"",""XP_018709340.1"")"
hypothetical protein CXQ85_003765 [[Candida] haemuloni],[Candida] haemuloni,201,201,86%,8e-54,37.65,1650,"=HYPERLINK(""https://www.ncbi.nlm.nih.gov/protein/XP_025344415.1?report=genbank&log$=prottop&blast_rank=42&RID=D9V55EAR016"",""XP_025344415.1"")"
hypothetical protein C7M61_002963 [[Candida] pseudohaemulonii],[Candida] pseudohaemulonii,192,192,85%,7e-51,37.54,856,"=HYPERLINK(""https://www.ncbi.nlm.nih.gov/protein/XP_024713725.1?report=genbank&log$=prottop&blast_rank=43&RID=D9V55EAR016"",""XP_024713725.1"")"
uncharacterized protein CXQ87_001485 [[Candida] duobushaemulonis],[Candida] duobushaemulonis,189,189,86%,7e-50,38.39,884,"=HYPERLINK(""https://www.ncbi.nlm.nih.gov/protein/XP_025339494.1?report=genbank&log$=prottop&blast_rank=44&RID=D9V55EAR016"",""XP_025339494.1"")"
uncharacterized protein CXQ87_003243 [[Candida] duobushaemulonis],[Candida] duobushaemulonis,182,182,84%,6e-48,36.09,694,"=HYPERLINK(""https://www.ncbi.nlm.nih.gov/protein/XP_025336343.1?report=genbank&log$=prottop&blast_rank=45&RID=D9V55EAR016"",""XP_025336343.1"")"
hypothetical protein C7M61_002453 [[Candida] pseudohaemulonii],[Candida] pseudohaemulonii,178,178,90%,4e-46,35.26,788,"=HYPERLINK(""https://www.ncbi.nlm.nih.gov/protein/XP_024713752.1?report=genbank&log$=prottop&blast_rank=46&RID=D9V55EAR016"",""XP_024713752.1"")"
uncharacterized protein CANTADRAFT_84623 [Suhomyces tanzawaensis NRRL Y-17324],Suhomyces tanzawaensis NRRL Y-17324,164,164,90%,6e-44,35.92,339,"=HYPERLINK(""https://www.ncbi.nlm.nih.gov/protein/XP_020063353.1?report=genbank&log$=prottop&blast_rank=47&RID=D9V55EAR016"",""XP_020063353.1"")"
hypothetical protein [Pseudomonas syringae],Pseudomonas syringae,145,145,23%,8e-40,88.37,91,"=HYPERLINK(""https://www.ncbi.nlm.nih.gov/protein/WP_146232083.1?report=genbank&log$=prottop&blast_rank=48&RID=D9V55EAR016"",""WP_146232083.1"")"
hypothetical protein CXQ85_003762 [[Candida] haemuloni],[Candida] haemuloni,160,160,84%,1e-39,40.00,2109,"=HYPERLINK(""https://www.ncbi.nlm.nih.gov/protein/XP_025344412.1?report=genbank&log$=prottop&blast_rank=49&RID=D9V55EAR016"",""XP_025344412.1"")"
hypothetical protein METBIDRAFT_13435 [Metschnikowia bicuspidata var. bicuspidata NRRL YB-4993],Metschnikowia bicuspidata var. bicuspidata NRRL YB-4993,151,151,84%,5e-39,37.90,327,"=HYPERLINK(""https://www.ncbi.nlm.nih.gov/protein/XP_018710225.1?report=genbank&log$=prottop&blast_rank=50&RID=D9V55EAR016"",""XP_018710225.1"")"
hyphally regulated cell wall protein [Scheffersomyces stipitis CBS 6054],Scheffersomyces stipitis CBS 6054,155,155,89%,5e-39,34.30,501,"=HYPERLINK(""https://www.ncbi.nlm.nih.gov/protein/XP_001386379.2?report=genbank&log$=prottop&blast_rank=51&RID=D9V55EAR016"",""XP_001386379.2"")"
hyphally regulated cell wall protein [Scheffersomyces stipitis CBS 6054],Scheffersomyces stipitis CBS 6054,148,148,87%,3e-37,34.87,399,"=HYPERLINK(""https://www.ncbi.nlm.nih.gov/protein/XP_001386767.2?report=genbank&log$=prottop&blast_rank=52&RID=D9V55EAR016"",""XP_001386767.2"")"
hypothetical protein PICST_43205 [Scheffersomyces stipitis CBS 6054],Scheffersomyces stipitis CBS 6054,147,147,89%,6e-37,32.65,411,"=HYPERLINK(""https://www.ncbi.nlm.nih.gov/protein/XP_001383276.2?report=genbank&log$=prottop&blast_rank=53&RID=D9V55EAR016"",""XP_001383276.2"")"
conserved hypothetical protein [Candida tropicalis MYA-3404],Candida tropicalis MYA-3404,150,150,88%,1e-36,33.53,665,"=HYPERLINK(""https://www.ncbi.nlm.nih.gov/protein/XP_002550900.1?report=genbank&log$=prottop&blast_rank=54&RID=D9V55EAR016"",""XP_002550900.1"")"
uncharacterized protein CANTADRAFT_38556 [Suhomyces tanzawaensis NRRL Y-17324],Suhomyces tanzawaensis NRRL Y-17324,143,143,86%,4e-36,33.83,329,"=HYPERLINK(""https://www.ncbi.nlm.nih.gov/protein/XP_020061729.1?report=genbank&log$=prottop&blast_rank=55&RID=D9V55EAR016"",""XP_020061729.1"")"
uncharacterized protein CANTADRAFT_32420 [Suhomyces tanzawaensis NRRL Y-17324],Suhomyces tanzawaensis NRRL Y-17324,141,141,76%,5e-35,36.46,363,"=HYPERLINK(""https://www.ncbi.nlm.nih.gov/protein/XP_020062061.1?report=genbank&log$=prottop&blast_rank=56&RID=D9V55EAR016"",""XP_020062061.1"")"
hypothetical protein METBIDRAFT_33330 [Metschnikowia bicuspidata var. bicuspidata NRRL YB-4993],Metschnikowia bicuspidata var. bicuspidata NRRL YB-4993,144,144,59%,6e-35,46.46,498,"=HYPERLINK(""https://www.ncbi.nlm.nih.gov/protein/XP_018710224.1?report=genbank&log$=prottop&blast_rank=57&RID=D9V55EAR016"",""XP_018710224.1"")"
conserved hypothetical protein [Candida tropicalis MYA-3404],Candida tropicalis MYA-3404,145,145,90%,1e-34,33.81,1405,"=HYPERLINK(""https://www.ncbi.nlm.nih.gov/protein/XP_002547764.1?report=genbank&log$=prottop&blast_rank=58&RID=D9V55EAR016"",""XP_002547764.1"")"
hyphally regulated cell wall protein [Scheffersomyces stipitis CBS 6054],Scheffersomyces stipitis CBS 6054,142,142,85%,2e-34,32.82,488,"=HYPERLINK(""https://www.ncbi.nlm.nih.gov/protein/XP_001387297.2?report=genbank&log$=prottop&blast_rank=59&RID=D9V55EAR016"",""XP_001387297.2"")"
hypothetical protein PGUG_05906 [Meyerozyma guilliermondii ATCC 6260],Meyerozyma guilliermondii ATCC 6260,144,144,88%,4e-34,36.04,1111,"=HYPERLINK(""https://www.ncbi.nlm.nih.gov/protein/XP_001482143.1?report=genbank&log$=prottop&blast_rank=60&RID=D9V55EAR016"",""XP_001482143.1"")"
hypothetical protein PGUG_01214 [Meyerozyma guilliermondii ATCC 6260],Meyerozyma guilliermondii ATCC 6260,137,137,88%,2e-33,34.23,385,"=HYPERLINK(""https://www.ncbi.nlm.nih.gov/protein/XP_001485543.1?report=genbank&log$=prottop&blast_rank=61&RID=D9V55EAR016"",""XP_001485543.1"")"
Hyr3p [Candida albicans SC5314],Candida albicans SC5314,142,142,88%,2e-33,34.31,1249,"=HYPERLINK(""https://www.ncbi.nlm.nih.gov/protein/XP_714203.1?report=genbank&log$=prottop&blast_rank=62&RID=D9V55EAR016"",""XP_714203.1"")"
hypothetical protein PGUG_01219 [Meyerozyma guilliermondii ATCC 6260],Meyerozyma guilliermondii ATCC 6260,140,140,83%,6e-33,35.18,1129,"=HYPERLINK(""https://www.ncbi.nlm.nih.gov/protein/XP_001485548.1?report=genbank&log$=prottop&blast_rank=63&RID=D9V55EAR016"",""XP_001485548.1"")"
hyphally regulated cell wall protein [Scheffersomyces stipitis CBS 6054],Scheffersomyces stipitis CBS 6054,139,139,88%,7e-33,32.46,580,"=HYPERLINK(""https://www.ncbi.nlm.nih.gov/protein/XP_001385882.2?report=genbank&log$=prottop&blast_rank=64&RID=D9V55EAR016"",""XP_001385882.2"")"
hyphally regulated cell wall protein Exo-alpha-sialidase [Scheffersomyces stipitis CBS 6054],Scheffersomyces stipitis CBS 6054,136,136,88%,7e-33,31.21,392,"=HYPERLINK(""https://www.ncbi.nlm.nih.gov/protein/XP_001386047.2?report=genbank&log$=prottop&blast_rank=65&RID=D9V55EAR016"",""XP_001386047.2"")"
hypothetical protein PGUG_01202 [Meyerozyma guilliermondii ATCC 6260],Meyerozyma guilliermondii ATCC 6260,140,140,79%,8e-33,32.99,1750,"=HYPERLINK(""https://www.ncbi.nlm.nih.gov/protein/XP_001487825.1?report=genbank&log$=prottop&blast_rank=66&RID=D9V55EAR016"",""XP_001487825.1"")"
Rbr3p [Candida albicans SC5314],Candida albicans SC5314,140,140,89%,1e-32,35.78,1562,"=HYPERLINK(""https://www.ncbi.nlm.nih.gov/protein/XP_711686.2?report=genbank&log$=prottop&blast_rank=67&RID=D9V55EAR016"",""XP_711686.2"")"
conserved hypothetical protein [Candida tropicalis MYA-3404],Candida tropicalis MYA-3404,139,139,83%,3e-32,33.43,827,"=HYPERLINK(""https://www.ncbi.nlm.nih.gov/protein/XP_002547617.1?report=genbank&log$=prottop&blast_rank=68&RID=D9V55EAR016"",""XP_002547617.1"")"
uncharacterized protein DIURU_004257 [Diutina rugosa],Diutina rugosa,133,133,86%,7e-32,31.40,376,"=HYPERLINK(""https://www.ncbi.nlm.nih.gov/protein/XP_034010991.1?report=genbank&log$=prottop&blast_rank=69&RID=D9V55EAR016"",""XP_034010991.1"")"
hypothetical protein METBIDRAFT_32261 [Metschnikowia bicuspidata var. bicuspidata NRRL YB-4993],Metschnikowia bicuspidata var. bicuspidata NRRL YB-4993,132,132,88%,7e-32,34.14,336,"=HYPERLINK(""https://www.ncbi.nlm.nih.gov/protein/XP_018710762.1?report=genbank&log$=prottop&blast_rank=70&RID=D9V55EAR016"",""XP_018710762.1"")"
predicted protein [Candida tropicalis MYA-3404],Candida tropicalis MYA-3404,136,136,87%,2e-31,32.45,749,"=HYPERLINK(""https://www.ncbi.nlm.nih.gov/protein/XP_002547615.1?report=genbank&log$=prottop&blast_rank=71&RID=D9V55EAR016"",""XP_002547615.1"")"
hypothetical protein METBIDRAFT_9402 [Metschnikowia bicuspidata var. bicuspidata NRRL YB-4993],Metschnikowia bicuspidata var. bicuspidata NRRL YB-4993,130,130,85%,3e-31,34.38,338,"=HYPERLINK(""https://www.ncbi.nlm.nih.gov/protein/XP_018713570.1?report=genbank&log$=prottop&blast_rank=72&RID=D9V55EAR016"",""XP_018713570.1"")"
hyphally regulated cell wall protein [Scheffersomyces stipitis CBS 6054],Scheffersomyces stipitis CBS 6054,131,131,88%,6e-31,30.97,397,"=HYPERLINK(""https://www.ncbi.nlm.nih.gov/protein/XP_001387240.2?report=genbank&log$=prottop&blast_rank=73&RID=D9V55EAR016"",""XP_001387240.2"")"
hypothetical protein METBIDRAFT_30159 [Metschnikowia bicuspidata var. bicuspidata NRRL YB-4993],Metschnikowia bicuspidata var. bicuspidata NRRL YB-4993,129,129,85%,2e-30,31.55,329,"=HYPERLINK(""https://www.ncbi.nlm.nih.gov/protein/XP_018714228.1?report=genbank&log$=prottop&blast_rank=74&RID=D9V55EAR016"",""XP_018714228.1"")"
Iff9p [Candida albicans SC5314],Candida albicans SC5314,133,133,87%,3e-30,31.74,941,"=HYPERLINK(""https://www.ncbi.nlm.nih.gov/protein/XP_717330.2?report=genbank&log$=prottop&blast_rank=75&RID=D9V55EAR016"",""XP_717330.2"")"
Iff4p [Candida albicans SC5314],Candida albicans SC5314,133,133,89%,3e-30,31.21,1526,"=HYPERLINK(""https://www.ncbi.nlm.nih.gov/protein/XP_718630.1?report=genbank&log$=prottop&blast_rank=76&RID=D9V55EAR016"",""XP_718630.1"")"
uncharacterized protein DIURU_004501 [Diutina rugosa],Diutina rugosa,129,129,79%,3e-30,32.99,364,"=HYPERLINK(""https://www.ncbi.nlm.nih.gov/protein/XP_034010684.1?report=genbank&log$=prottop&blast_rank=77&RID=D9V55EAR016"",""XP_034010684.1"")"
hyphally regulated cell wall protein [Scheffersomyces stipitis CBS 6054],Scheffersomyces stipitis CBS 6054,129,129,86%,3e-30,32.93,408,"=HYPERLINK(""https://www.ncbi.nlm.nih.gov/protein/XP_001385682.2?report=genbank&log$=prottop&blast_rank=78&RID=D9V55EAR016"",""XP_001385682.2"")"
hypothetical protein PICST_91284 [Scheffersomyces stipitis CBS 6054],Scheffersomyces stipitis CBS 6054,130,130,89%,1e-29,32.75,555,"=HYPERLINK(""https://www.ncbi.nlm.nih.gov/protein/XP_001386404.2?report=genbank&log$=prottop&blast_rank=79&RID=D9V55EAR016"",""XP_001386404.2"")"
Iff5 GPI-anchored protein [Candida orthopsilosis Co 90-125],Candida orthopsilosis Co 90-125,130,130,88%,2e-29,32.07,706,"=HYPERLINK(""https://www.ncbi.nlm.nih.gov/protein/XP_003868553.1?report=genbank&log$=prottop&blast_rank=80&RID=D9V55EAR016"",""XP_003868553.1"")"
hypothetical protein METBIDRAFT_33874 [Metschnikowia bicuspidata var. bicuspidata NRRL YB-4993],Metschnikowia bicuspidata var. bicuspidata NRRL YB-4993,124,124,88%,7e-29,32.84,336,"=HYPERLINK(""https://www.ncbi.nlm.nih.gov/protein/XP_018709273.1?report=genbank&log$=prottop&blast_rank=81&RID=D9V55EAR016"",""XP_018709273.1"")"
hypothetical protein METBIDRAFT_30457 [Metschnikowia bicuspidata var. bicuspidata NRRL YB-4993],Metschnikowia bicuspidata var. bicuspidata NRRL YB-4993,124,124,86%,8e-29,30.34,335,"=HYPERLINK(""https://www.ncbi.nlm.nih.gov/protein/XP_018714595.1?report=genbank&log$=prottop&blast_rank=82&RID=D9V55EAR016"",""XP_018714595.1"")"
hypothetical protein METBIDRAFT_33876 [Metschnikowia bicuspidata var. bicuspidata NRRL YB-4993],Metschnikowia bicuspidata var. bicuspidata NRRL YB-4993,124,124,85%,9e-29,31.86,330,"=HYPERLINK(""https://www.ncbi.nlm.nih.gov/protein/XP_018709275.1?report=genbank&log$=prottop&blast_rank=83&RID=D9V55EAR016"",""XP_018709275.1"")"
Iff6p [Candida albicans SC5314],Candida albicans SC5314,128,128,87%,9e-29,31.96,1085,"=HYPERLINK(""https://www.ncbi.nlm.nih.gov/protein/XP_714246.2?report=genbank&log$=prottop&blast_rank=84&RID=D9V55EAR016"",""XP_714246.2"")"
"Hyr1-like cell wall protein, putative [Candida dubliniensis CD36]",Candida dubliniensis CD36,128,128,87%,1e-28,31.14,943,"=HYPERLINK(""https://www.ncbi.nlm.nih.gov/protein/XP_002421951.1?report=genbank&log$=prottop&blast_rank=85&RID=D9V55EAR016"",""XP_002421951.1"")"
"hyphally-regulated protein precursor, putative [Candida dubliniensis CD36]",Candida dubliniensis CD36,128,128,87%,1e-28,30.84,945,"=HYPERLINK(""https://www.ncbi.nlm.nih.gov/protein/XP_002421924.1?report=genbank&log$=prottop&blast_rank=86&RID=D9V55EAR016"",""XP_002421924.1"")"
uncharacterized protein CANTADRAFT_23782 [Suhomyces tanzawaensis NRRL Y-17324],Suhomyces tanzawaensis NRRL Y-17324,127,127,83%,1e-28,32.62,608,"=HYPERLINK(""https://www.ncbi.nlm.nih.gov/protein/XP_020062062.1?report=genbank&log$=prottop&blast_rank=87&RID=D9V55EAR016"",""XP_020062062.1"")"
uncharacterized protein CANTEDRAFT_135304 [Yamadazyma tenuis ATCC 10573],Yamadazyma tenuis ATCC 10573,120,120,55%,2e-28,36.76,228,"=HYPERLINK(""https://www.ncbi.nlm.nih.gov/protein/XP_006687291.1?report=genbank&log$=prottop&blast_rank=88&RID=D9V55EAR016"",""XP_006687291.1"")"
"hyphally-regulated cell wall protein precursor, putative [Candida dubliniensis CD36]",Candida dubliniensis CD36,127,127,90%,2e-28,32.76,940,"=HYPERLINK(""https://www.ncbi.nlm.nih.gov/protein/XP_002420471.1?report=genbank&log$=prottop&blast_rank=89&RID=D9V55EAR016"",""XP_002420471.1"")"
"GPI-anchored protein of unknown function, putative [Candida dubliniensis CD36]",Candida dubliniensis CD36,127,127,87%,2e-28,32.16,1277,"=HYPERLINK(""https://www.ncbi.nlm.nih.gov/protein/XP_002418802.1?report=genbank&log$=prottop&blast_rank=90&RID=D9V55EAR016"",""XP_002418802.1"")"
"hyphally-regulated protein precursor, putative [Candida dubliniensis CD36]",Candida dubliniensis CD36,127,127,87%,4e-28,30.95,1433,"=HYPERLINK(""https://www.ncbi.nlm.nih.gov/protein/XP_002421668.1?report=genbank&log$=prottop&blast_rank=91&RID=D9V55EAR016"",""XP_002421668.1"")"
predicted protein [Candida tropicalis MYA-3404],Candida tropicalis MYA-3404,126,126,89%,5e-28,31.69,925,"=HYPERLINK(""https://www.ncbi.nlm.nih.gov/protein/XP_002549927.1?report=genbank&log$=prottop&blast_rank=92&RID=D9V55EAR016"",""XP_002549927.1"")"
"cell wall protein, putative [Candida dubliniensis CD36]",Candida dubliniensis CD36,125,125,89%,1e-27,34.21,2113,"=HYPERLINK(""https://www.ncbi.nlm.nih.gov/protein/XP_002421505.1?report=genbank&log$=prottop&blast_rank=93&RID=D9V55EAR016"",""XP_002421505.1"")"
Iff3p [Candida albicans SC5314],Candida albicans SC5314,125,125,87%,1e-27,30.24,941,"=HYPERLINK(""https://www.ncbi.nlm.nih.gov/protein/XP_715137.2?report=genbank&log$=prottop&blast_rank=94&RID=D9V55EAR016"",""XP_715137.2"")"
Iff5 GPI-anchored protein [Candida orthopsilosis Co 90-125],Candida orthopsilosis Co 90-125,125,125,89%,1e-27,31.41,857,"=HYPERLINK(""https://www.ncbi.nlm.nih.gov/protein/XP_003868554.1?report=genbank&log$=prottop&blast_rank=95&RID=D9V55EAR016"",""XP_003868554.1"")"
"Hyr1p homologue, putative [Candida dubliniensis CD36]",Candida dubliniensis CD36,124,124,88%,2e-27,31.34,1227,"=HYPERLINK(""https://www.ncbi.nlm.nih.gov/protein/XP_002421681.1?report=genbank&log$=prottop&blast_rank=96&RID=D9V55EAR016"",""XP_002421681.1"")"
hypothetical protein LELG_05536 [Lodderomyces elongisporus NRRL YB-4239],Lodderomyces elongisporus NRRL YB-4239,116,116,51%,3e-27,38.62,203,"=HYPERLINK(""https://www.ncbi.nlm.nih.gov/protein/XP_001523310.1?report=genbank&log$=prottop&blast_rank=97&RID=D9V55EAR016"",""XP_001523310.1"")"
hyphally regulated cell wall protein [Scheffersomyces stipitis CBS 6054],Scheffersomyces stipitis CBS 6054,122,122,87%,5e-27,32.16,473,"=HYPERLINK(""https://www.ncbi.nlm.nih.gov/protein/XP_001386218.2?report=genbank&log$=prottop&blast_rank=98&RID=D9V55EAR016"",""XP_001386218.2"")"
conserved hypothetical protein [Candida dubliniensis CD36],Candida dubliniensis CD36,122,122,87%,1e-26,32.04,1279,"=HYPERLINK(""https://www.ncbi.nlm.nih.gov/protein/XP_002420246.1?report=genbank&log$=prottop&blast_rank=99&RID=D9V55EAR016"",""XP_002420246.1"")"
predicted protein [Candida tropicalis MYA-3404],Candida tropicalis MYA-3404,122,122,83%,1e-26,31.08,1952,"=HYPERLINK(""https://www.ncbi.nlm.nih.gov/protein/XP_002546360.1?report=genbank&log$=prottop&blast_rank=100&RID=D9V55EAR016"",""XP_002546360.1"")"
uncharacterized protein CANTEDRAFT_92443 [Yamadazyma tenuis ATCC 10573],Yamadazyma tenuis ATCC 10573,118,118,84%,2e-26,32.72,361,"=HYPERLINK(""https://www.ncbi.nlm.nih.gov/protein/XP_006684896.1?report=genbank&log$=prottop&blast_rank=101&RID=D9V55EAR016"",""XP_006684896.1"")"
hypothetical protein LELG_02559 [Lodderomyces elongisporus NRRL YB-4239],Lodderomyces elongisporus NRRL YB-4239,114,114,50%,2e-26,39.57,196,"=HYPERLINK(""https://www.ncbi.nlm.nih.gov/protein/XP_001526001.1?report=genbank&log$=prottop&blast_rank=102&RID=D9V55EAR016"",""XP_001526001.1"")"
Iff5p [Candida albicans SC5314],Candida albicans SC5314,122,122,89%,2e-26,31.67,1308,"=HYPERLINK(""https://www.ncbi.nlm.nih.gov/protein/XP_715535.1?report=genbank&log$=prottop&blast_rank=103&RID=D9V55EAR016"",""XP_715535.1"")"
uncharacterized protein CPAR2_806410 [Candida parapsilosis],Candida parapsilosis,121,121,87%,2e-26,32.06,1671,"=HYPERLINK(""https://www.ncbi.nlm.nih.gov/protein/XP_036665264.1?report=genbank&log$=prottop&blast_rank=104&RID=D9V55EAR016"",""XP_036665264.1"")"
Hyr4p [Candida albicans SC5314],Candida albicans SC5314,121,121,88%,2e-26,29.85,1225,"=HYPERLINK(""https://www.ncbi.nlm.nih.gov/protein/XP_717969.1?report=genbank&log$=prottop&blast_rank=105&RID=D9V55EAR016"",""XP_717969.1"")"
hyphally regulated cell wall protein [Scheffersomyces stipitis CBS 6054],Scheffersomyces stipitis CBS 6054,118,118,84%,3e-26,33.33,392,"=HYPERLINK(""https://www.ncbi.nlm.nih.gov/protein/XP_001382756.2?report=genbank&log$=prottop&blast_rank=106&RID=D9V55EAR016"",""XP_001382756.2"")"
uncharacterized protein CANTEDRAFT_112457 [Yamadazyma tenuis ATCC 10573],Yamadazyma tenuis ATCC 10573,113,113,53%,6e-26,37.31,207,"=HYPERLINK(""https://www.ncbi.nlm.nih.gov/protein/XP_006684153.1?report=genbank&log$=prottop&blast_rank=107&RID=D9V55EAR016"",""XP_006684153.1"")"
hypothetical protein METBIDRAFT_11451 [Metschnikowia bicuspidata var. bicuspidata NRRL YB-4993],Metschnikowia bicuspidata var. bicuspidata NRRL YB-4993,115,115,87%,2e-25,31.33,381,"=HYPERLINK(""https://www.ncbi.nlm.nih.gov/protein/XP_018713134.1?report=genbank&log$=prottop&blast_rank=108&RID=D9V55EAR016"",""XP_018713134.1"")"
uncharacterized protein DIURU_002623 [Diutina rugosa],Diutina rugosa,114,114,84%,2e-25,31.56,331,"=HYPERLINK(""https://www.ncbi.nlm.nih.gov/protein/XP_034012475.1?report=genbank&log$=prottop&blast_rank=109&RID=D9V55EAR016"",""XP_034012475.1"")"
hypothetical protein METBIDRAFT_31361 [Metschnikowia bicuspidata var. bicuspidata NRRL YB-4993],Metschnikowia bicuspidata var. bicuspidata NRRL YB-4993,114,114,85%,3e-25,31.27,345,"=HYPERLINK(""https://www.ncbi.nlm.nih.gov/protein/XP_018712964.1?report=genbank&log$=prottop&blast_rank=110&RID=D9V55EAR016"",""XP_018712964.1"")"
Iff8p [Candida albicans SC5314],Candida albicans SC5314,117,117,88%,4e-25,30.72,714,"=HYPERLINK(""https://www.ncbi.nlm.nih.gov/protein/XP_714201.2?report=genbank&log$=prottop&blast_rank=111&RID=D9V55EAR016"",""XP_714201.2"")"
hypothetical protein METBIDRAFT_30503 [Metschnikowia bicuspidata var. bicuspidata NRRL YB-4993],Metschnikowia bicuspidata var. bicuspidata NRRL YB-4993,114,114,84%,6e-25,31.23,339,"=HYPERLINK(""https://www.ncbi.nlm.nih.gov/protein/XP_018714655.1?report=genbank&log$=prottop&blast_rank=112&RID=D9V55EAR016"",""XP_018714655.1"")"
"[GPI-anchored] cell wall protein, HYR(-like) family member, putative [Candida dubliniensis CD36]",Candida dubliniensis CD36,117,117,87%,7e-25,30.64,649,"=HYPERLINK(""https://www.ncbi.nlm.nih.gov/protein/XP_002420375.1?report=genbank&log$=prottop&blast_rank=113&RID=D9V55EAR016"",""XP_002420375.1"")"
hyphally regulated cell wall protein [Scheffersomyces stipitis CBS 6054],Scheffersomyces stipitis CBS 6054,114,114,88%,2e-24,29.60,416,"=HYPERLINK(""https://www.ncbi.nlm.nih.gov/protein/XP_001382762.1?report=genbank&log$=prottop&blast_rank=114&RID=D9V55EAR016"",""XP_001382762.1"")"
predicted protein [Candida tropicalis MYA-3404],Candida tropicalis MYA-3404,115,115,88%,4e-24,30.90,1689,"=HYPERLINK(""https://www.ncbi.nlm.nih.gov/protein/XP_002547620.1?report=genbank&log$=prottop&blast_rank=115&RID=D9V55EAR016"",""XP_002547620.1"")"
predicted protein [Candida tropicalis MYA-3404],Candida tropicalis MYA-3404,114,114,89%,6e-24,28.86,1383,"=HYPERLINK(""https://www.ncbi.nlm.nih.gov/protein/XP_002545452.1?report=genbank&log$=prottop&blast_rank=116&RID=D9V55EAR016"",""XP_002545452.1"")"
uncharacterized protein DIURU_001825 [Diutina rugosa],Diutina rugosa,110,110,78%,1e-22,33.67,1203,"=HYPERLINK(""https://www.ncbi.nlm.nih.gov/protein/XP_034013359.1?report=genbank&log$=prottop&blast_rank=117&RID=D9V55EAR016"",""XP_034013359.1"")"
hypothetical protein METBIDRAFT_30639 [Metschnikowia bicuspidata var. bicuspidata NRRL YB-4993],Metschnikowia bicuspidata var. bicuspidata NRRL YB-4993,107,107,86%,1e-22,29.39,367,"=HYPERLINK(""https://www.ncbi.nlm.nih.gov/protein/XP_018714824.1?report=genbank&log$=prottop&blast_rank=118&RID=D9V55EAR016"",""XP_018714824.1"")"
hypothetical protein METBIDRAFT_19111 [Metschnikowia bicuspidata var. bicuspidata NRRL YB-4993],Metschnikowia bicuspidata var. bicuspidata NRRL YB-4993,103,103,47%,2e-22,35.59,199,"=HYPERLINK(""https://www.ncbi.nlm.nih.gov/protein/XP_018712348.1?report=genbank&log$=prottop&blast_rank=119&RID=D9V55EAR016"",""XP_018712348.1"")"
von Willebrand factor (VWF2) [Scheffersomyces stipitis CBS 6054],Scheffersomyces stipitis CBS 6054,108,108,86%,2e-22,29.52,412,"=HYPERLINK(""https://www.ncbi.nlm.nih.gov/protein/XP_001386216.2?report=genbank&log$=prottop&blast_rank=120&RID=D9V55EAR016"",""XP_001386216.2"")"
hypothetical protein METBIDRAFT_48120 [Metschnikowia bicuspidata var. bicuspidata NRRL YB-4993],Metschnikowia bicuspidata var. bicuspidata NRRL YB-4993,106,106,90%,3e-22,31.58,344,"=HYPERLINK(""https://www.ncbi.nlm.nih.gov/protein/XP_018709277.1?report=genbank&log$=prottop&blast_rank=121&RID=D9V55EAR016"",""XP_018709277.1"")"
hypothetical protein METBIDRAFT_32429 [Metschnikowia bicuspidata var. bicuspidata NRRL YB-4993],Metschnikowia bicuspidata var. bicuspidata NRRL YB-4993,104,104,84%,2e-21,29.56,333,"=HYPERLINK(""https://www.ncbi.nlm.nih.gov/protein/XP_018710946.1?report=genbank&log$=prottop&blast_rank=122&RID=D9V55EAR016"",""XP_018710946.1"")"
hypothetical protein METBIDRAFT_219071 [Metschnikowia bicuspidata var. bicuspidata NRRL YB-4993],Metschnikowia bicuspidata var. bicuspidata NRRL YB-4993,106,106,86%,2e-21,31.48,626,"=HYPERLINK(""https://www.ncbi.nlm.nih.gov/protein/XP_018710226.1?report=genbank&log$=prottop&blast_rank=123&RID=D9V55EAR016"",""XP_018710226.1"")"
hypothetical protein METBIDRAFT_10716 [Metschnikowia bicuspidata var. bicuspidata NRRL YB-4993],Metschnikowia bicuspidata var. bicuspidata NRRL YB-4993,103,103,87%,5e-21,30.58,344,"=HYPERLINK(""https://www.ncbi.nlm.nih.gov/protein/XP_018712283.1?report=genbank&log$=prottop&blast_rank=124&RID=D9V55EAR016"",""XP_018712283.1"")"
HYR1-like protein [Scheffersomyces stipitis CBS 6054],Scheffersomyces stipitis CBS 6054,103,103,90%,1e-20,27.78,420,"=HYPERLINK(""https://www.ncbi.nlm.nih.gov/protein/XP_001385024.2?report=genbank&log$=prottop&blast_rank=125&RID=D9V55EAR016"",""XP_001385024.2"")"
hypothetical protein METBIDRAFT_106429 [Metschnikowia bicuspidata var. bicuspidata NRRL YB-4993],Metschnikowia bicuspidata var. bicuspidata NRRL YB-4993,100,100,83%,5e-20,29.43,346,"=HYPERLINK(""https://www.ncbi.nlm.nih.gov/protein/XP_018713972.1?report=genbank&log$=prottop&blast_rank=126&RID=D9V55EAR016"",""XP_018713972.1"")"
predicted protein [Candida tropicalis MYA-3404],Candida tropicalis MYA-3404,103,103,89%,5e-20,30.35,1230,"=HYPERLINK(""https://www.ncbi.nlm.nih.gov/protein/XP_002550128.1?report=genbank&log$=prottop&blast_rank=127&RID=D9V55EAR016"",""XP_002550128.1"")"
hyphally regulated cell wall protein [Scheffersomyces stipitis CBS 6054],Scheffersomyces stipitis CBS 6054,100,100,88%,5e-20,30.47,382,"=HYPERLINK(""https://www.ncbi.nlm.nih.gov/protein/XP_001386602.2?report=genbank&log$=prottop&blast_rank=128&RID=D9V55EAR016"",""XP_001386602.2"")"
hypothetical protein containing von Willebrand factor and highly repetitive sequences [Scheffersomyces stipitis CBS 6054],Scheffersomyces stipitis CBS 6054,101,101,81%,2e-19,34.71,2303,"=HYPERLINK(""https://www.ncbi.nlm.nih.gov/protein/XP_001385681.2?report=genbank&log$=prottop&blast_rank=129&RID=D9V55EAR016"",""XP_001385681.2"")"
uncharacterized protein CANTEDRAFT_112175 [Yamadazyma tenuis ATCC 10573],Yamadazyma tenuis ATCC 10573,94.0,94.0,84%,7e-18,27.13,333,"=HYPERLINK(""https://www.ncbi.nlm.nih.gov/protein/XP_006683698.1?report=genbank&log$=prottop&blast_rank=130&RID=D9V55EAR016"",""XP_006683698.1"")"
Hyr1p [Candida albicans SC5314],Candida albicans SC5314,95.9,95.9,87%,1e-17,27.11,919,"=HYPERLINK(""https://www.ncbi.nlm.nih.gov/protein/XP_722183.2?report=genbank&log$=prottop&blast_rank=131&RID=D9V55EAR016"",""XP_722183.2"")"
uncharacterized protein CPAR2_702650 [Candida parapsilosis],Candida parapsilosis,88.2,88.2,88%,2e-15,25.21,418,"=HYPERLINK(""https://www.ncbi.nlm.nih.gov/protein/XP_036668412.1?report=genbank&log$=prottop&blast_rank=132&RID=D9V55EAR016"",""XP_036668412.1"")"
hypothetical protein METBIDRAFT_18603 [Metschnikowia bicuspidata var. bicuspidata NRRL YB-4993],Metschnikowia bicuspidata var. bicuspidata NRRL YB-4993,82.0,82.0,46%,9e-15,32.37,176,"=HYPERLINK(""https://www.ncbi.nlm.nih.gov/protein/XP_018709279.1?report=genbank&log$=prottop&blast_rank=133&RID=D9V55EAR016"",""XP_018709279.1"")"
hypothetical protein METBIDRAFT_51084 [Metschnikowia bicuspidata var. bicuspidata NRRL YB-4993],Metschnikowia bicuspidata var. bicuspidata NRRL YB-4993,81.6,81.6,47%,2e-14,31.46,197,"=HYPERLINK(""https://www.ncbi.nlm.nih.gov/protein/XP_018714230.1?report=genbank&log$=prottop&blast_rank=134&RID=D9V55EAR016"",""XP_018714230.1"")"
uncharacterized protein DIURU_002624 [Diutina rugosa],Diutina rugosa,85.9,85.9,85%,2e-14,29.39,998,"=HYPERLINK(""https://www.ncbi.nlm.nih.gov/protein/XP_034012476.1?report=genbank&log$=prottop&blast_rank=135&RID=D9V55EAR016"",""XP_034012476.1"")"
uncharacterized protein CPAR2_404110 [Candida parapsilosis],Candida parapsilosis,84.0,84.0,80%,5e-14,25.65,410,"=HYPERLINK(""https://www.ncbi.nlm.nih.gov/protein/XP_036667770.1?report=genbank&log$=prottop&blast_rank=136&RID=D9V55EAR016"",""XP_036667770.1"")"
uncharacterized protein DIURU_002632 [Diutina rugosa],Diutina rugosa,84.7,84.7,80%,6e-14,28.33,933,"=HYPERLINK(""https://www.ncbi.nlm.nih.gov/protein/XP_034012484.1?report=genbank&log$=prottop&blast_rank=137&RID=D9V55EAR016"",""XP_034012484.1"")"
uncharacterized protein CPAR2_106920 [Candida parapsilosis],Candida parapsilosis,83.6,83.6,88%,7e-14,26.42,438,"=HYPERLINK(""https://www.ncbi.nlm.nih.gov/protein/XP_036663837.1?report=genbank&log$=prottop&blast_rank=138&RID=D9V55EAR016"",""XP_036663837.1"")"
hypothetical protein LELG_05651 [Lodderomyces elongisporus NRRL YB-4239],Lodderomyces elongisporus NRRL YB-4239,84.7,84.7,88%,8e-14,28.87,3496,"=HYPERLINK(""https://www.ncbi.nlm.nih.gov/protein/XP_001523105.1?report=genbank&log$=prottop&blast_rank=139&RID=D9V55EAR016"",""XP_001523105.1"")"
hypothetical protein KAFR_0I02570 [Kazachstania africana CBS 2517],Kazachstania africana CBS 2517,84.0,84.0,58%,8e-14,35.29,770,"=HYPERLINK(""https://www.ncbi.nlm.nih.gov/protein/XP_003959171.1?report=genbank&log$=prottop&blast_rank=140&RID=D9V55EAR016"",""XP_003959171.1"")"
hypothetical protein CLUG_05597 [Clavispora lusitaniae ATCC 42720],Clavispora lusitaniae ATCC 42720,83.2,83.2,86%,8e-14,29.73,402,"=HYPERLINK(""https://www.ncbi.nlm.nih.gov/protein/XP_002614819.1?report=genbank&log$=prottop&blast_rank=141&RID=D9V55EAR016"",""XP_002614819.1"")"
predicted protein [Candida tropicalis MYA-3404],Candida tropicalis MYA-3404,80.9,80.9,89%,2e-13,26.71,328,"=HYPERLINK(""https://www.ncbi.nlm.nih.gov/protein/XP_002546744.1?report=genbank&log$=prottop&blast_rank=142&RID=D9V55EAR016"",""XP_002546744.1"")"
"hyphally regulated cell wall protein, putative [Candida dubliniensis CD36]",Candida dubliniensis CD36,81.3,81.3,87%,6e-13,25.89,534,"=HYPERLINK(""https://www.ncbi.nlm.nih.gov/protein/XP_002419003.1?report=genbank&log$=prottop&blast_rank=143&RID=D9V55EAR016"",""XP_002419003.1"")"
hypothetical protein NCAS_0J02330 [Naumovozyma castellii CBS 4309],Naumovozyma castellii CBS 4309,81.3,81.3,82%,8e-13,27.87,773,"=HYPERLINK(""https://www.ncbi.nlm.nih.gov/protein/XP_003678549.1?report=genbank&log$=prottop&blast_rank=144&RID=D9V55EAR016"",""XP_003678549.1"")"
uncharacterized protein CPAR2_301310 [Candida parapsilosis],Candida parapsilosis,80.1,80.1,82%,1e-12,25.86,411,"=HYPERLINK(""https://www.ncbi.nlm.nih.gov/protein/XP_036664320.1?report=genbank&log$=prottop&blast_rank=145&RID=D9V55EAR016"",""XP_036664320.1"")"
conserved hypothetical protein [Candida tropicalis MYA-3404],Candida tropicalis MYA-3404,80.5,80.5,56%,2e-12,30.09,1626,"=HYPERLINK(""https://www.ncbi.nlm.nih.gov/protein/XP_002547616.1?report=genbank&log$=prottop&blast_rank=146&RID=D9V55EAR016"",""XP_002547616.1"")"
hypothetical protein METBIDRAFT_32263 [Metschnikowia bicuspidata var. bicuspidata NRRL YB-4993],Metschnikowia bicuspidata var. bicuspidata NRRL YB-4993,77.0,77.0,64%,2e-12,30.89,256,"=HYPERLINK(""https://www.ncbi.nlm.nih.gov/protein/XP_018710763.1?report=genbank&log$=prottop&blast_rank=147&RID=D9V55EAR016"",""XP_018710763.1"")"
uncharacterized protein AC631_05239 [Debaryomyces fabryi],Debaryomyces fabryi,79.0,79.0,66%,3e-12,32.47,429,"=HYPERLINK(""https://www.ncbi.nlm.nih.gov/protein/XP_015465113.1?report=genbank&log$=prottop&blast_rank=148&RID=D9V55EAR016"",""XP_015465113.1"")"
uncharacterized protein CPAR2_301290 [Candida parapsilosis],Candida parapsilosis,79.0,79.0,87%,3e-12,26.01,439,"=HYPERLINK(""https://www.ncbi.nlm.nih.gov/protein/XP_036664318.1?report=genbank&log$=prottop&blast_rank=149&RID=D9V55EAR016"",""XP_036664318.1"")"
uncharacterized protein CPAR2_106910 [Candida parapsilosis],Candida parapsilosis,77.8,77.8,73%,6e-12,25.35,404,"=HYPERLINK(""https://www.ncbi.nlm.nih.gov/protein/XP_036663836.1?report=genbank&log$=prottop&blast_rank=150&RID=D9V55EAR016"",""XP_036663836.1"")"
predicted protein [Candida tropicalis MYA-3404],Candida tropicalis MYA-3404,78.6,78.6,85%,6e-12,26.09,669,"=HYPERLINK(""https://www.ncbi.nlm.nih.gov/protein/XP_002547891.1?report=genbank&log$=prottop&blast_rank=151&RID=D9V55EAR016"",""XP_002547891.1"")"
Iff11p [Candida albicans SC5314],Candida albicans SC5314,78.2,78.2,85%,6e-12,25.45,511,"=HYPERLINK(""https://www.ncbi.nlm.nih.gov/protein/XP_717774.1?report=genbank&log$=prottop&blast_rank=152&RID=D9V55EAR016"",""XP_717774.1"")"
predicted protein [Candida tropicalis MYA-3404],Candida tropicalis MYA-3404,77.8,77.8,50%,1e-11,29.95,656,"=HYPERLINK(""https://www.ncbi.nlm.nih.gov/protein/XP_002545510.1?report=genbank&log$=prottop&blast_rank=153&RID=D9V55EAR016"",""XP_002545510.1"")"
predicted protein [Candida tropicalis MYA-3404],Candida tropicalis MYA-3404,77.4,77.4,83%,1e-11,26.75,588,"=HYPERLINK(""https://www.ncbi.nlm.nih.gov/protein/XP_002550387.1?report=genbank&log$=prottop&blast_rank=154&RID=D9V55EAR016"",""XP_002550387.1"")"
uncharacterized protein CPAR2_404120 [Candida parapsilosis],Candida parapsilosis,76.3,76.3,88%,2e-11,25.00,420,"=HYPERLINK(""https://www.ncbi.nlm.nih.gov/protein/XP_036667771.1?report=genbank&log$=prottop&blast_rank=155&RID=D9V55EAR016"",""XP_036667771.1"")"
hypothetical protein CLUG_04844 [Clavispora lusitaniae ATCC 42720],Clavispora lusitaniae ATCC 42720,76.3,76.3,78%,3e-11,29.35,702,"=HYPERLINK(""https://www.ncbi.nlm.nih.gov/protein/XP_002614829.1?report=genbank&log$=prottop&blast_rank=156&RID=D9V55EAR016"",""XP_002614829.1"")"
DEHA2D00132p [Debaryomyces hansenii CBS767],Debaryomyces hansenii CBS767,76.3,76.3,69%,4e-11,33.92,949,"=HYPERLINK(""https://www.ncbi.nlm.nih.gov/protein/XP_002770240.1?report=genbank&log$=prottop&blast_rank=157&RID=D9V55EAR016"",""XP_002770240.1"")"
uncharacterized protein CPAR2_301320 [Candida parapsilosis],Candida parapsilosis,74.7,74.7,88%,6e-11,25.43,419,"=HYPERLINK(""https://www.ncbi.nlm.nih.gov/protein/XP_036664321.1?report=genbank&log$=prottop&blast_rank=158&RID=D9V55EAR016"",""XP_036664321.1"")"
hypothetical protein METBIDRAFT_33875 [Metschnikowia bicuspidata var. bicuspidata NRRL YB-4993],Metschnikowia bicuspidata var. bicuspidata NRRL YB-4993,72.4,72.4,64%,1e-10,30.08,257,"=HYPERLINK(""https://www.ncbi.nlm.nih.gov/protein/XP_018709274.1?report=genbank&log$=prottop&blast_rank=159&RID=D9V55EAR016"",""XP_018709274.1"")"
hypothetical protein KAFR_0G00120 [Kazachstania africana CBS 2517],Kazachstania africana CBS 2517,73.6,73.6,59%,1e-10,28.88,368,"=HYPERLINK(""https://www.ncbi.nlm.nih.gov/protein/XP_003958180.1?report=genbank&log$=prottop&blast_rank=160&RID=D9V55EAR016"",""XP_003958180.1"")"
hypothetical protein KNAG_0I02500 [Kazachstania naganishii CBS 8797],Kazachstania naganishii CBS 8797,73.9,73.9,77%,2e-10,28.15,1096,"=HYPERLINK(""https://www.ncbi.nlm.nih.gov/protein/XP_022466281.1?report=genbank&log$=prottop&blast_rank=161&RID=D9V55EAR016"",""XP_022466281.1"")"
hypothetical protein CORT_0C02750 [Candida orthopsilosis Co 90-125],Candida orthopsilosis Co 90-125,73.6,73.6,80%,3e-10,25.16,774,"=HYPERLINK(""https://www.ncbi.nlm.nih.gov/protein/XP_003868555.1?report=genbank&log$=prottop&blast_rank=162&RID=D9V55EAR016"",""XP_003868555.1"")"
hypothetical protein KAFR_0I01780 [Kazachstania africana CBS 2517],Kazachstania africana CBS 2517,73.2,73.2,58%,3e-10,33.33,805,"=HYPERLINK(""https://www.ncbi.nlm.nih.gov/protein/XP_003959094.1?report=genbank&log$=prottop&blast_rank=163&RID=D9V55EAR016"",""XP_003959094.1"")"
hypothetical protein KNAG_0I02620 [Kazachstania naganishii CBS 8797],Kazachstania naganishii CBS 8797,73.2,73.2,73%,4e-10,32.36,1196,"=HYPERLINK(""https://www.ncbi.nlm.nih.gov/protein/XP_022466292.1?report=genbank&log$=prottop&blast_rank=164&RID=D9V55EAR016"",""XP_022466292.1"")"
hypothetical protein KAFR_0K02610 [Kazachstania africana CBS 2517],Kazachstania africana CBS 2517,73.2,73.2,72%,4e-10,29.72,1546,"=HYPERLINK(""https://www.ncbi.nlm.nih.gov/protein/XP_003959752.1?report=genbank&log$=prottop&blast_rank=165&RID=D9V55EAR016"",""XP_003959752.1"")"
uncharacterized protein CPAR2_301300 [Candida parapsilosis],Candida parapsilosis,71.6,71.6,82%,6e-10,25.61,414,"=HYPERLINK(""https://www.ncbi.nlm.nih.gov/protein/XP_036664319.1?report=genbank&log$=prottop&blast_rank=166&RID=D9V55EAR016"",""XP_036664319.1"")"
hypothetical protein METBIDRAFT_223058 [Metschnikowia bicuspidata var. bicuspidata NRRL YB-4993],Metschnikowia bicuspidata var. bicuspidata NRRL YB-4993,71.6,71.6,56%,8e-10,30.81,466,"=HYPERLINK(""https://www.ncbi.nlm.nih.gov/protein/XP_018709944.1?report=genbank&log$=prottop&blast_rank=167&RID=D9V55EAR016"",""XP_018709944.1"")"
hypothetical protein KAFR_0L02140 [Kazachstania africana CBS 2517],Kazachstania africana CBS 2517,72.4,72.4,50%,8e-10,34.02,3196,"=HYPERLINK(""https://www.ncbi.nlm.nih.gov/protein/XP_003959960.1?report=genbank&log$=prottop&blast_rank=168&RID=D9V55EAR016"",""XP_003959960.1"")"
"cell wall mannoprotein, putative [Candida dubliniensis CD36]",Candida dubliniensis CD36,72.0,72.0,87%,8e-10,25.52,1268,"=HYPERLINK(""https://www.ncbi.nlm.nih.gov/protein/XP_002419002.1?report=genbank&log$=prottop&blast_rank=169&RID=D9V55EAR016"",""XP_002419002.1"")"
hypothetical protein CYBJADRAFT_192479 [Cyberlindnera jadinii NRRL Y-1542],Cyberlindnera jadinii NRRL Y-1542,70.9,70.9,66%,1e-09,33.59,472,"=HYPERLINK(""https://www.ncbi.nlm.nih.gov/protein/XP_020067797.1?report=genbank&log$=prottop&blast_rank=170&RID=D9V55EAR016"",""XP_020067797.1"")"
hypothetical protein CLUG_05593 [Clavispora lusitaniae ATCC 42720],Clavispora lusitaniae ATCC 42720,69.7,69.7,79%,4e-09,27.97,674,"=HYPERLINK(""https://www.ncbi.nlm.nih.gov/protein/XP_002614815.1?report=genbank&log$=prottop&blast_rank=171&RID=D9V55EAR016"",""XP_002614815.1"")"
predicted protein [Candida tropicalis MYA-3404],Candida tropicalis MYA-3404,69.7,69.7,88%,5e-09,28.02,1038,"=HYPERLINK(""https://www.ncbi.nlm.nih.gov/protein/XP_002547904.1?report=genbank&log$=prottop&blast_rank=172&RID=D9V55EAR016"",""XP_002547904.1"")"
uncharacterized protein CPAR2_301330 [Candida parapsilosis],Candida parapsilosis,68.9,68.9,78%,5e-09,23.84,437,"=HYPERLINK(""https://www.ncbi.nlm.nih.gov/protein/XP_036664322.1?report=genbank&log$=prottop&blast_rank=173&RID=D9V55EAR016"",""XP_036664322.1"")"
LOW QUALITY PROTEIN: FLO9p [Candida albicans SC5314],Candida albicans SC5314,68.9,68.9,58%,1e-08,27.31,1244,"=HYPERLINK(""https://www.ncbi.nlm.nih.gov/protein/XP_717775.2?report=genbank&log$=prottop&blast_rank=174&RID=D9V55EAR016"",""XP_717775.2"")"
hypothetical protein KAFR_0F02720 [Kazachstania africana CBS 2517],Kazachstania africana CBS 2517,67.4,67.4,43%,2e-08,32.48,893,"=HYPERLINK(""https://www.ncbi.nlm.nih.gov/protein/XP_003958004.1?report=genbank&log$=prottop&blast_rank=175&RID=D9V55EAR016"",""XP_003958004.1"")"
uncharacterized protein CAGL0I07293g [[Candida] glabrata],[Candida] glabrata,67.4,67.4,80%,3e-08,28.31,1771,"=HYPERLINK(""https://www.ncbi.nlm.nih.gov/protein/XP_447567.2?report=genbank&log$=prottop&blast_rank=176&RID=D9V55EAR016"",""XP_447567.2"")"
hypothetical protein CLUG_05601 [Clavispora lusitaniae ATCC 42720],Clavispora lusitaniae ATCC 42720,67.0,67.0,76%,3e-08,30.33,780,"=HYPERLINK(""https://www.ncbi.nlm.nih.gov/protein/XP_002614115.1?report=genbank&log$=prottop&blast_rank=177&RID=D9V55EAR016"",""XP_002614115.1"")"
hypothetical protein METBIDRAFT_9730 [Metschnikowia bicuspidata var. bicuspidata NRRL YB-4993],Metschnikowia bicuspidata var. bicuspidata NRRL YB-4993,65.1,65.1,75%,5e-08,25.71,318,"=HYPERLINK(""https://www.ncbi.nlm.nih.gov/protein/XP_018713950.1?report=genbank&log$=prottop&blast_rank=178&RID=D9V55EAR016"",""XP_018713950.1"")"
predicted protein [Candida tropicalis MYA-3404],Candida tropicalis MYA-3404,65.9,65.9,85%,5e-08,27.04,455,"=HYPERLINK(""https://www.ncbi.nlm.nih.gov/protein/XP_002550768.1?report=genbank&log$=prottop&blast_rank=179&RID=D9V55EAR016"",""XP_002550768.1"")"
hypothetical protein KAFR_0C02480 [Kazachstania africana CBS 2517],Kazachstania africana CBS 2517,65.9,65.9,58%,6e-08,32.13,626,"=HYPERLINK(""https://www.ncbi.nlm.nih.gov/protein/XP_003956376.1?report=genbank&log$=prottop&blast_rank=180&RID=D9V55EAR016"",""XP_003956376.1"")"
hypothetical protein KAFR_0I00100 [Kazachstania africana CBS 2517],Kazachstania africana CBS 2517,64.3,64.3,57%,3e-07,33.33,1072,"=HYPERLINK(""https://www.ncbi.nlm.nih.gov/protein/XP_003958926.1?report=genbank&log$=prottop&blast_rank=181&RID=D9V55EAR016"",""XP_003958926.1"")"
hypothetical protein CLUG_05606 [Clavispora lusitaniae ATCC 42720],Clavispora lusitaniae ATCC 42720,63.5,63.5,85%,4e-07,26.75,624,"=HYPERLINK(""https://www.ncbi.nlm.nih.gov/protein/XP_002614120.1?report=genbank&log$=prottop&blast_rank=182&RID=D9V55EAR016"",""XP_002614120.1"")"
predicted protein [Candida tropicalis MYA-3404],Candida tropicalis MYA-3404,63.5,63.5,39%,4e-07,32.69,878,"=HYPERLINK(""https://www.ncbi.nlm.nih.gov/protein/XP_002550902.1?report=genbank&log$=prottop&blast_rank=183&RID=D9V55EAR016"",""XP_002550902.1"")"
hypothetical protein METBIDRAFT_228734 [Metschnikowia bicuspidata var. bicuspidata NRRL YB-4993],Metschnikowia bicuspidata var. bicuspidata NRRL YB-4993,60.8,60.8,55%,6e-07,23.04,220,"=HYPERLINK(""https://www.ncbi.nlm.nih.gov/protein/XP_018714578.1?report=genbank&log$=prottop&blast_rank=184&RID=D9V55EAR016"",""XP_018714578.1"")"
similar to Kazachstania africana KAFR_0I01780 hypothetical protein [Kazachstania barnettii],Kazachstania barnettii,62.0,62.0,89%,1e-06,26.41,748,"=HYPERLINK(""https://www.ncbi.nlm.nih.gov/protein/XP_041404287.1?report=genbank&log$=prottop&blast_rank=185&RID=D9V55EAR016"",""XP_041404287.1"")"
hypothetical protein SPOG_03650 [Schizosaccharomyces cryophilus OY26],Schizosaccharomyces cryophilus OY26,61.2,61.2,76%,2e-06,27.96,393,"=HYPERLINK(""https://www.ncbi.nlm.nih.gov/protein/XP_013021368.1?report=genbank&log$=prottop&blast_rank=186&RID=D9V55EAR016"",""XP_013021368.1"")"
hypothetical protein NDAI_0K02500 [Naumovozyma dairenensis CBS 421],Naumovozyma dairenensis CBS 421,60.8,60.8,70%,2e-06,27.52,476,"=HYPERLINK(""https://www.ncbi.nlm.nih.gov/protein/XP_003672684.1?report=genbank&log$=prottop&blast_rank=187&RID=D9V55EAR016"",""XP_003672684.1"")"
uncharacterized protein CAGL0E06600g [[Candida] glabrata],[Candida] glabrata,61.2,61.2,86%,3e-06,28.06,965,"=HYPERLINK(""https://www.ncbi.nlm.nih.gov/protein/XP_445977.1?report=genbank&log$=prottop&blast_rank=188&RID=D9V55EAR016"",""XP_445977.1"")"
hypothetical protein NDAI_0I00800 [Naumovozyma dairenensis CBS 421],Naumovozyma dairenensis CBS 421,59.7,59.7,90%,8e-06,25.44,867,"=HYPERLINK(""https://www.ncbi.nlm.nih.gov/protein/XP_003671892.1?report=genbank&log$=prottop&blast_rank=189&RID=D9V55EAR016"",""XP_003671892.1"")"
hypothetical protein KAFR_0F00110 [Kazachstania africana CBS 2517],Kazachstania africana CBS 2517,57.8,57.8,49%,9e-06,33.69,238,"=HYPERLINK(""https://www.ncbi.nlm.nih.gov/protein/XP_003957739.1?report=genbank&log$=prottop&blast_rank=190&RID=D9V55EAR016"",""XP_003957739.1"")"



		


