seq,n,n.HIL,n.prot,n.strains,medScore,IVT,avg.intv,mad.intv
GVVIVTT,120,101,12,3,83.7,0.86,45.9,1.5
GVVIVT,82,0,4,4,89.6,0.83,35.9,0
GVIIVTT,42,36,9,3,82.8,0.86,36,0
GVVVVTT,40,31,6,3,85.5,0.86,36.2,0
VVIVTT,30,26,3,3,66.1,1,36.3,4.4
GIVIVTT,11,10,5,3,82,0.86,32.5,0
LVIVT,8,0,8,4,63.5,0.8,21.5,30.4
VVVTL,7,0,7,4,68,0.8,15,0
GIVVVTT,6,5,6,3,82.5,0.86,47.8,32.6
FWGIMLGMYALVFVFIAIIVTA,5,0,5,4,89.7,0.36,16,0
IIVTLLSVLS,5,0,5,4,95.7,0.5,31,0
AFVVITGSI,4,0,4,4,65,0.56,74,0
AIVITF,4,0,4,4,80.3,0.67,6,0
AIVITSIQFLFSIGVVLYLVF,4,0,4,4,86.6,0.43,6,0
AIVVTV,4,0,4,4,73.1,0.83,24,0
ALYVSLLSFVVITITVLA,4,0,4,4,98.6,0.44,13,0
AVGVMITA,4,0,4,4,32.8,0.5,8,0
AVIVITL,4,0,4,4,89.6,0.71,NA,NA
AVIVTINM,4,0,4,4,82.2,0.62,74,0
AVSISLAITIVVTVGFV,4,0,4,4,90.3,0.59,5,0
AVVITAIT,4,0,4,4,94.1,0.75,81,0
AVVVT,4,0,4,4,43.3,0.8,NA,NA
AVVVTNWNTVVVTATA,4,0,4,4,71.2,0.62,13,0
AVVVTSY,4,0,4,4,56.9,0.57,42,0
CFSFAVIIVWIVITLVIGAY,4,0,4,4,99.5,0.5,196,0
CNVIVTTW,4,0,4,4,54,0.62,20,0
DLFSLYVFQTLTGVKFIIIT,4,0,4,4,38.4,0.4,50,0
FIVITTLSTNMALYFWYA,4,0,4,4,94.7,0.33,11,0
FIVVTS,4,0,4,4,64.2,0.67,103,0
FIVVTT,4,0,4,4,97.1,0.83,44,0
FNFASVVITT,4,0,4,4,69.8,0.5,57,0
FQLIVIT,4,0,4,4,88.2,0.57,42,0
FSSVIITS,4,0,4,4,45.8,0.5,12,0
FVFVVIT,4,0,4,4,99.7,0.71,13,0
FVGNIVVTLNNILLTA,4,0,4,4,49.8,0.44,6,0
FVVITGLIG,4,0,4,4,89.8,0.56,95,0
FVVITGVIGS,4,0,4,4,92.8,0.6,158,0
FVVVTF,4,0,4,4,99.7,0.67,17,0
FYVGVVVTCISCIAANTYVWL,4,0,4,4,49.8,0.43,14,0
GFALLGMLIIVVVTVV,4,0,4,4,96.7,0.5,17,0
GFVAFNYIIITCIVYA,4,0,4,4,97.6,0.44,18,0
GIIVNAIIVTIS,4,0,4,4,97.1,0.67,60,0
GIIVTLV,4,0,4,4,91.4,0.71,144,0
GVGVIITA,4,0,4,4,64.6,0.62,45,0
GVIVTLF,4,0,4,4,99.2,0.57,20,0
GVVIIT,4,0,4,4,89.7,0.83,32,0
GVVITIVDVLVVLAAYRS,4,0,4,4,88.7,0.5,6,0
GWGSLAGFLMIIVTSL,4,0,4,4,39.5,0.25,15,0
HLINAFIIVTCISAINSSIYI,4,0,4,4,44.7,0.43,32,0
IFIALMFLSTVGIVVTTCI,4,0,4,4,99.2,0.53,15,0
IFIVVTG,4,0,4,4,99.7,0.71,28,0
IGTILLVLVIVTLLVVWVACFY,4,0,4,4,99.5,0.5,29,0
IIITIIIP,4,0,4,4,94.5,0.88,33,0
IIITVNYMFF,4,0,4,4,92.8,0.5,NA,NA
IIVIT,4,0,4,4,78.7,1,75,0
IIVITTSYT,4,0,4,4,86.7,0.78,135,0
IIVTLLYWLVLFFLQISFVV,4,0,4,4,94.1,0.4,25,0
IIVTTFT,4,0,4,4,92.5,0.86,7,0
IIVTVTLALGVL,4,0,4,4,95.7,0.58,6,0
ILVMVT,4,0,4,4,80.8,0.67,NA,NA
IMVTAISYGLSLSVLLYIYCLNV,4,0,4,4,49.7,0.3,5,0
IMVTFIVCLLIIAWVYSL,4,0,4,4,99.9,0.44,NA,NA
IMVTLEKINWIIA,4,0,4,4,32.2,0.46,134,0
INFIVLFMIFVVITLSAM,4,0,4,4,99,0.44,24,0
ITIVVT,4,0,4,4,70.2,1,9,0
IVCFIVITSIVVH,4,0,4,4,99.1,0.69,34,0
IVITA,4,0,4,4,33.6,0.8,14,0
IVITL,4,0,4,4,40.4,0.8,44,0
IVITNVFKLYFLE,4,0,4,4,86,0.38,51,0
IVITSL,4,0,4,4,52.2,0.67,69,0
IVITV,4,0,4,4,88.4,1,5,0
IVITVGLVYTCYQAL,4,0,4,4,90.5,0.47,19,0
IVMITG,4,0,4,4,66.7,0.67,22,0
IVVAIVSLVVVIVVVTNF,4,0,4,4,99.8,0.72,NA,NA
IVVTFLS,4,0,4,4,97,0.57,50,0
KLILDCIIVITSV,4,0,4,4,49.6,0.54,10,0
LALFYYILLFLSSIIVT,4,0,4,4,99.3,0.29,16,0
LALGVVITVIDVLIVLMAYRP,4,0,4,4,44.9,0.43,3,0
LATSTYVIIT,4,0,4,4,42.9,0.6,NA,NA
LAVFTWFMLGLHIIITILIA,4,0,4,4,99.3,0.4,18,0
LFHTIVVT,4,0,4,4,33.8,0.62,33,0
LFLTVSGIIVT,4,0,4,4,90.4,0.55,48,0
LGNVGVIITALFIW,4,0,4,4,96.3,0.43,3,0
LIMITFG,4,0,4,4,74.5,0.43,166,0
LIVVTN,4,0,4,4,66.5,0.67,88,0
LLAVVVVTGLIYVAYSVYVSLF,4,0,4,4,94.6,0.41,11,0
LLFTIIITLSSLLSLVNL,4,0,4,4,88.4,0.33,9,0
LLFWSIIVTSLL,4,0,4,4,95.5,0.33,31.2,0
LLIIVTFISICIA,4,0,4,4,95,0.54,8,0
LLIVITVSSWSYVVYFFIYLI,4,0,4,4,96.3,0.43,3,0
LLNVQTVVVTN,4,0,4,4,41.1,0.55,22,0
LNIIYGVIITWV,4,0,4,4,97.8,0.58,13,0
LQIIIT,4,0,4,4,47.2,0.67,38,0
LSCVVIT,4,0,4,4,33.4,0.57,31,0
LSVVITNWVMCLALWCYT,4,0,4,4,98.5,0.33,12,0
LVAIIVTNIFGLFAFIAA,4,0,4,4,99.9,0.39,33,0
LVIVTHGLF,4,0,4,4,78.1,0.44,74,0
LVVITG,4,0,4,4,90.7,0.67,73,0
LVVVT,4,0,4,4,90.8,0.8,17,0
LYVIVT,4,0,4,4,84.9,0.67,77,0
MIIITLAASLALVSSLVSFLTLYAIA,4,0,4,4,68.3,0.31,6,0
MMVVITMY,4,0,4,4,69.2,0.5,NA,NA
MSVMITY,4,0,4,4,45.4,0.43,160,0
NAIVIT,4,0,4,4,58.6,0.67,15,0
QVIVITGL,4,0,4,4,91.8,0.62,104,0
RIMVTFLEFYSTLLHFVLFKLY,4,0,4,4,85.8,0.23,32,0
RLCILEFSFVMLGYFVVVTA,4,0,4,4,67.7,0.3,95,0
RVTVICLTIIEILSSVVVTSIMLI,4,0,4,4,64,0.58,65,0
SFVIIT,4,0,4,4,90.7,0.67,59,0
SIIITLVILIVILWCAWLN,4,0,4,4,99.8,0.47,25,0
SIIVTLQYLTALALI,4,0,4,4,96.9,0.4,9,0
SIVSFVVVTY,4,0,4,4,98.8,0.6,1,0
SIVVTTVT,4,0,4,4,77.8,0.88,12,0
SLIVVLTITMAIGAQVMVT,4,0,4,4,82.8,0.53,3,0
SLIVVTGFA,4,0,4,4,69.8,0.44,106,0
SLMTIIITNLVLYGI,4,0,4,4,95.6,0.47,13,0
SLSFIIVT,4,0,4,4,77.8,0.5,31,0
SVMVTF,4,0,4,4,52.9,0.5,24,0
TCFVIITS,4,0,4,4,81.7,0.62,2,0
TIVVIT,4,0,4,4,89.3,1,107.5,0
TIVVTV,4,0,4,4,35.7,1,18,0
TLWIIVVTS,4,0,4,4,96,0.67,14,0
TMVTTIVVTLLIYIG,4,0,4,4,97.7,0.67,15,0
TTVVVIT,4,0,4,4,93.3,1,67,0
TVIVTV,4,0,4,4,90.9,1,87,0
TVIVVT,4,0,4,4,96.9,1,14,0
TVVVTT,4,0,4,4,52.5,1,78,0
TVVVVT,4,0,4,4,90.5,1,36,0
VCMITLLSHVIVTLIM,4,0,4,4,91.9,0.5,39,0
VFSLLSSVIITVMGIGLL,4,0,4,4,94.3,0.39,14,0
VGLIYMIIVTFFGFNFFL,4,0,4,4,97.3,0.33,109,0
VGVIITG,4,0,4,4,45.4,0.71,36,0
VGVVVTKDYVVSLSL,4,0,4,4,56.8,0.47,39,0
VHVIMIT,4,0,4,4,39.3,0.71,189,0
VIITAL,4,0,4,4,68.2,0.67,13,0
VIITL,4,0,4,4,39.7,0.8,11,0
VIITVFTACI,4,0,4,4,91,0.7,3,0
VIITVL,4,0,4,4,96.8,0.83,74,0
VITSVHVVVT,4,0,4,4,54.3,0.8,34,0
VIVTSATL,4,0,4,4,43.1,0.62,11,0
VIVTSWLFT,4,0,4,4,95.4,0.56,NA,NA
VIVTTGV,4,0,4,4,68.4,0.86,96.2,0
VIVTV,4,4,4,4,75.6,1,192.2,0
VIVTVTLS,4,0,4,4,98.1,0.75,93,0
VLVGIGVFAVLNVIVITV,4,0,4,4,99.3,0.61,37,0
VSSVIITM,4,0,4,4,46.4,0.62,48,0
VVITTWS,4,0,4,4,71.1,0.71,19,0
VVIVTAV,4,0,4,4,99.5,0.86,125,0
VVVITM,4,0,4,4,78.6,0.83,38,0
VVVTCI,4,0,4,4,47.6,0.83,38,0
VVVTFANVV,4,0,4,4,92.6,0.67,107,0
VVVTFV,4,0,4,4,99.3,0.83,57,0
VVVTGIGLV,4,0,4,4,72,0.67,NA,NA
VVVTIWY,4,0,4,4,99.5,0.71,46,0
VVVTLL,4,0,4,4,98.6,0.67,12,0
VVVTTVT,4,0,4,4,94.8,1,13,0
VVVTV,4,0,4,4,94.9,1,47,0
VVVTVS,4,0,4,4,95.6,0.83,4,0
VVVVTG,4,0,4,4,95.6,0.83,20,0
VVVVTGA,4,0,4,4,95.9,0.71,NA,NA
WAGCLILVVITCIVALLGY,4,0,4,4,97,0.37,24,0
WFNIIIT,4,0,4,4,51.1,0.57,NA,NA
WIALVIVTVGIGIVGYS,4,0,4,4,95,0.53,8,0
WSAVVIT,4,0,4,4,50.5,0.57,34,0
YIVVTT,4,0,4,4,90.8,0.83,45,0
YLTFWGWMYIIVTAILFF,4,0,4,4,99.9,0.33,23,0
YQVIITLISF,4,0,4,4,94.7,0.5,25,0
YVVVT,4,0,4,4,49.9,0.8,16,0
YVVVTV,4,0,4,4,55.2,0.83,75,0
AFVIVTS,3,0,3,3,96.5,0.57,6,0
AIVVT,3,0,3,3,33.6,0.8,28,0
ALIIITILYMLVNIAYYAV,3,0,3,3,98.7,0.42,23,0
AVIVTT,3,2,3,3,46.3,0.83,14,0
FHVIVTHV,3,0,3,3,34.4,0.62,75,0
GIIVVTT,3,2,3,3,90,0.86,11,0
GLVIVTT,3,2,3,3,68.6,0.71,40,0
GVIVVTT,3,2,3,3,82.1,0.86,11,0
GVWIAVFLVIITAVNILGV,3,0,3,3,96.9,0.53,6,0
GVWVAILLVIITTINVLGV,3,0,3,3,95.7,0.58,7,0
IFLALFIFAGVYQVVVTII,3,0,3,3,99.8,0.47,15,0
IIITALA,3,0,3,3,55.7,0.57,NA,NA
IMSTVSILVVIVTSGFIV,3,0,3,3,92.4,0.61,13,0
IVNGYIIITNTAV,3,0,3,3,31.5,0.62,23,0
IVVTC,3,0,3,3,40.8,0.8,6,0
IVVTYSTT,3,0,3,3,57.3,0.75,70,0
LFLIAVIITVFSSI,3,0,3,3,98.9,0.5,22,0
LLFCISSTVVMVT,3,0,3,3,81.3,0.46,25,0
QVVVITGL,3,0,3,3,92.1,0.62,106,0
SGVVVVTT,3,2,3,3,77.5,0.75,39,0
SVVITIGSTFL,3,0,3,3,71.5,0.55,28,0
TTVSGIVVVTT,3,3,3,3,54.7,0.82,29,0
TVVITASL,3,0,3,3,66.9,0.62,222,0
VMVTIT,3,0,3,3,31,0.83,NA,NA
VVITTGTFL,3,0,3,3,47.9,0.67,NA,NA
IVVTSALVAAAVTASV,2,0,2,2,95,0.5,NA,NA
LIIAGCSIFGIAVIVTIIICC,2,0,2,2,88.5,0.52,NA,NA
LWILNIFIIVTILV,2,0,2,2,99.2,0.57,NA,NA
LYLLTFLQFVNVVITLF,2,0,2,2,99.8,0.35,12,0
VMITTMMALSMTL,2,0,2,2,30.9,0.38,35,3
CGLFLIAVIITVFHL,1,0,1,1,98.7,0.4,20,0
FFVNVVITM,1,0,1,1,35.4,0.56,8,0
GLIIVTT,1,1,1,1,67.7,0.71,39,0
GVIIVTA,1,1,1,1,82.6,0.71,37,0
GVVIVTA,1,1,1,1,90.9,0.71,37,0
GVVVVTS,1,0,1,1,90.9,0.71,37,0
IMVTV,1,0,1,1,46.5,0.8,12,0
LIIAGCSIFGIAVIITIIICC,1,0,1,1,88.5,0.52,NA,NA
LIVITS,1,0,1,1,80.4,0.67,78,0
LIVVTTAT,1,0,1,1,72.8,0.75,38,0
LLYCISSTVVMVT,1,0,1,1,56.9,0.46,25,0
TALIIITILYMLVNIAYYSV,1,0,1,1,95,0.45,22,0
TFFSVVITM,1,0,1,1,95.6,0.56,203,0
TIVITASL,1,0,1,1,65.8,0.62,222,0
TIVVTYSTISSTIHIF,1,0,1,1,43.3,0.62,69,0
VIVTLF,1,0,1,1,99.2,0.67,NA,NA
WGFNFLVVMITSICF,1,0,1,1,59.6,0.33,25,0
