identifier	seqLength	start	end	period	type	copyN	seqAlign	consensus_nogap	consensus_gap	consensus_error
PIS56971.1	293	23	214	90	1	2	TFIFSYPHHTYTKTIYGPKAQHLTTTHMTIAKPHHTHTKTFFTWMGQGAAPT---DIDYDVD-SDDSDDSDDDD-KTTKSSKTKSSASSSSSTATAGLK-SK TYIFSYPHHTYTKTLYGEKAEHLTTTHMTIAKPYHTHTKTFFTWVGSGAQPTDVDDLNAEVDMSDD-DD-DDDDAGATR-GGSETVA-ARTTSGSA--KATS	TFIFSYPHHTYTKTIYGEKAEHLTTTHMTIAKPHHTHTKTFFTWMGQGAAPTDIDADVDSDDDDDDDDGATKGGSESSAARSSSASAKSK	TFIFSYPHHTYTKTIYGEKAEHLTTTHMTIAKPHHTHTKTFFTWMGQGAAPT---DIDADVD-SDD-DD-DDDD-GATK-GGSESSA-ARSSSASA--K-SK	0.16
XP_028891731.1	293	23	214	90	1	2	TFIFSYPHHTYTKTIYGPKAQHLTTTHMTIAKPHHTHTKTFFTWMGQGAAPT---DIDYDVD-SDDSDDSDDDD-KTTKSSKTKSSASSSSSTATAGLK-SK TYIFSYPHHTYTKTLYGEKAEHLTTTHMTIAKPYHTHTKTFFTWVGSGAQPTDVDDLNAEVDMSDD-DD-DDDDAGATR-GGSETVA-ARTTSGSA--KATS	TFIFSYPHHTYTKTIYGEKAEHLTTTHMTIAKPHHTHTKTFFTWMGQGAAPTDIDADVDSDDDDDDDDGATKGGSESSAARSSSASAKSK	TFIFSYPHHTYTKTIYGEKAEHLTTTHMTIAKPHHTHTKTFFTWMGQGAAPT---DIDADVD-SDD-DD-DDDD-GATK-GGSESSA-ARSSSASA--K-SK	0.16
QEL58519.1	772	407	589	58	2	3.1	TSSSESS-SAS-TTPHETT--SSTPAESTPIGTTS--STPVESTPIGTT-S-STPVESTPS-ETNPVK SSSKETT-S-SETIPGETTPGETTPVESTPVE-----STPVESTSI-SS-T-TTPVETT-SIETSPAE STAIETTPT-E-TTP---T--ETTPAETTPAESTSAESTPTESTPTKSTPTETTPTETTPT-ETTPTE TTPTETT	SSSIETTSSTTPGETTETTPAESTPAESTSSTPVESTPIGSTTTTPVETTPSETNPAE	SSSIETT-S-S-TTPGETT--ETTPAESTPAESTS--STPVESTPIGST-T-TTPVETTPS-ETNPAE	0.2
PIS51941.1	440	159	307	52	3	2.87	TSSYHS-----TVTETHTGTQTVTITSCDDHHCVT-TT-APCTWGPTTKTEHDT TTTYTTWCPIETVTNTHT--QTLTITSCDDHECHTKTTTAPCTWGPTTKTEHGT TTTYTTWCPIETVTNTHT--QTLTITSCDDHECHTKTTTAPCTWGPTTKTEH	TTTYTTWCPIETVTNTHTQTLTITSCDDHECHTKTTTAPCTWGPTTKTEHDT	TTTYTTWCPIETVTNTHT--QTLTITSCDDHECHTKTTTAPCTWGPTTKTEHDT	0.08
QEL58520.1	457	142	304	52	3	3.13	TSSYHS-----TVTETHTGTQTVTITSCDDH--HCVTTTAPCTWGPTTKTEHDT TTTYTTWCPIETVTNTH--TQTLTITSCDDHECHTKTTTAPCTWGPTTKTEHGT TTTYTTWCPIETVTNTH--TQTLTITSCDDHECHTKTTTAPCTWGPTTKTEHGT TTTYTTWCPIET	TTTYTTWCPIETVTNTHTQTLTITSCDDHECHTKTTTAPCTWGPTTKTEHGT	TTTYTTWCPIETVTNTH--TQTLTITSCDDHECHTKTTTAPCTWGPTTKTEHGT	0.08
XP_028890843.1	440	159	307	52	3	2.87	TSSYHS-----TVTETHTGTQTVTITSCDDHHCVT-TT-APCTWGPTTKTEHDT TTTYTTWCPIETVTNTHT--QTLTITSCDDHECHTKTTTAPCTWGPTTKTEHGT TTTYTTWCPIETVTNTHT--QTLTITSCDDHECHTKTTTAPCTWGPTTKTEH	TTTYTTWCPIETVTNTHTQTLTITSCDDHECHTKTTTAPCTWGPTTKTEHDT	TTTYTTWCPIETVTNTHT--QTLTITSCDDHECHTKTTTAPCTWGPTTKTEHDT	0.08
PIS51942.1	775	492	597	51	4	2	IESTPSKTTPVESTPVESTPSESTPVEST-SIST--TTTPVETT-SIQTPPAESTA IETTPTKSTPTETTPTETTPAETTPTETTPTETTPAETTPTETTPT-ETTPANTT	IESTPSKSTPTESTPTESTPAESTPTESTSESTETTPTETTSETPPAESTA	IESTPSKSTPTESTPTESTPAESTPTEST-SEST--ETTPTETT-S-ETPPAESTA	0.14
PIS55432.1	1375	342	1135	51	5	15.57	TTTWTTTDVD-GIET-TDSGIVV-VTTDSDGS-LTTTTSTI-PPEVT-SEPTSMTTF TTTWTSTDSD-GNPT-TDSG-IVIVTTDSDGS-LTTTTSTI-PPEVT-SEPSGMTTF TTTWTTTDSD-GNPS-TDSG-IVIVTTDADGS-LTTTTSTI-PPEVT-SEPTGMTTF TTTWTTTDSD-GNPT-TDSG-IVIVTTDSEGS-LTTTTSTI-SPDVT-SGLTDLTSF TSTWTTTDSD-GNET-TDSG-VVIVTTESDGS-LTTTTSII-PPD-T-SEPTDITTF TTTWTTTDSD-GNPT-TDSG-IVIVTTDSEGS-LTTTTSTI-PPDVT-SEPTGMTTF TTTWSSTDAN-GNPI-TDSG-VVIVTTDSDGS-LTTTTSII-PPDVT-SEPTGMTTF TTTWSSTDAN-GNPI-TDSG-VVIVTTDSDGS-LTTTTSII-PPDVT-SEPTGMTTF TSTWITTDSD-GKST-TDSG-VIIVTTDSDGR-FTTTTSII-PPDVT-SEPTDMTTF TTTWTTTDVD-GIET-TDSG-VVIVTTDSEGS-L-TTTTSIFPPAVT-SGPTDSTSF TTTWTTTNSD-GN-SITDSG-VVVVTTDSDGS-LTTFTSTI-PPDVT-SKPTGLTTF TASWTTTDSE-GNPT-TGSG-VVIVTTDSVGS-LTTTTSTL-SPDVT-SEPTDLTTF TTTWTSTDSN-GFPT-TDSG-VVIVTTDSDGS-LTTTTSTI-PPGVT-TE-SGMTTF TTWWTTTDSN-GKPT-TDSG-VVIVTTDSDGR-LTTTTSIISPAE-TPS-STGMTSF TTSWTTTDSH-GKPT-TGSG-VVIVTTDSDGSWI-TLTSTY-PP-TT-SESSGLTSF TTAWTTTD-DHGKPT-TVSGIVV-VTTDSDGC-LTT	TTTWTTTDSDGNPTTDSGVVIVTTDSDGSLTTTTSTIPPDVTSEPTGMTTF	TTTWTTTDSD-GNPT-TDSG-VVIVTTDSDGS-LTTTTSTI-PPDVT-SEPTGMTTF	0.12
QEL59874.1	1138	339	881	51	5	10.65	TTFTTTWTTTDVD-GIET-TDSGIVV-VTTDSDGS-LTT-TTSTIPPEV-T-SEPSGM TTFTTTWITTDSD-GNPS-TDSG-IVIVTTDSDGS-LTT-TTSAIPPEV-T-SEPTGM TTFTTTWSSTDAN-G-SSITDSG-VVIVTTDSDGS-LTT-TTSIIPPDV-T-SEPTGL TTFTSTWITTNSD-GKST-TDSG-VIIVTTDSDGR-FTT-TTSIIPPDV-T-SEPTDM TTFTTTWTTTDVD-GIET-TDSG-VVIVTTDSEGS-LTT-TTSIIPPAV-T-SGPTDS TSFTTTWTTTNSD-GN-SITDSG-VVVVTTDSDGS-LTTFTST-IPPDV-T-SKPTGL TTFTTSWTTTDSE-GNPT-TGSG-VVIVTTDSVGS-LTT-TTSTLPPDV-T-SEPTDL TTFTTTWTSTDSN-GFPT-TDSG-VVVVTTDSDGS-LTT-TTSTIPPGV-T-TE-SGM TTFTTSWTTTDSN-GKPT-TDSG-VVVVTTDSDGR-LTT-TTSIISP-VETPS-STGM TSFTTSWTTTDSH-GKPT-TGSG-VVIVTTDSDGSWITL-TST-YPP-T-T-SESTGL TSITTAWTTTD-DHGKPT-TVSGIVV-VTTDSDGC-LTT	TTFTTTWTTTDSDGKPTTDSGVVIVTTDSDGSLTTTTSIIPPDVTSEPTGM	TTFTTTWTTTDSD-GKPT-TDSG-VVIVTTDSDGS-LTT-TTSIIPPDV-T-SEPTGM	0.14
XP_028892406.1	1375	342	1135	51	5	15.57	TTTWTTTDVD-GIET-TDSGIVV-VTTDSDGS-LTTTTSTI-PPEVT-SEPTSMTTF TTTWTSTDSD-GNPT-TDSG-IVIVTTDSDGS-LTTTTSTI-PPEVT-SEPSGMTTF TTTWTTTDSD-GNPS-TDSG-IVIVTTDADGS-LTTTTSTI-PPEVT-SEPTGMTTF TTTWTTTDSD-GNPT-TDSG-IVIVTTDSEGS-LTTTTSTI-SPDVT-SGLTDLTSF TSTWTTTDSD-GNET-TDSG-VVIVTTESDGS-LTTTTSII-PPD-T-SEPTDITTF TTTWTTTDSD-GNPT-TDSG-IVIVTTDSEGS-LTTTTSTI-PPDVT-SEPTGMTTF TTTWSSTDAN-GNPI-TDSG-VVIVTTDSDGS-LTTTTSII-PPDVT-SEPTGMTTF TTTWSSTDAN-GNPI-TDSG-VVIVTTDSDGS-LTTTTSII-PPDVT-SEPTGMTTF TSTWITTDSD-GKST-TDSG-VIIVTTDSDGR-FTTTTSII-PPDVT-SEPTDMTTF TTTWTTTDVD-GIET-TDSG-VVIVTTDSEGS-L-TTTTSIFPPAVT-SGPTDSTSF TTTWTTTNSD-GN-SITDSG-VVVVTTDSDGS-LTTFTSTI-PPDVT-SKPTGLTTF TASWTTTDSE-GNPT-TGSG-VVIVTTDSVGS-LTTTTSTL-SPDVT-SEPTDLTTF TTTWTSTDSN-GFPT-TDSG-VVIVTTDSDGS-LTTTTSTI-PPGVT-TE-SGMTTF TTSWTTTDSN-GKPT-TDSG-VVIVTTDSDGR-LTTTTSIISPAE-TPS-STGMTSF TTSWTTTDSH-GKPT-TGSG-VVIVTTDSDGSWI-TLTSTY-PP-TT-SESSGLTSF TTAWTTTD-DHGKPT-TVSGIVV-VTTDSDGC-LTT	TTTWTTTDSDGNPTTDSGVVIVTTDSDGSLTTTTSTIPPDVTSEPTGMTTF	TTTWTTTDSD-GNPT-TDSG-VVIVTTDSDGS-LTTTTSTI-PPDVT-SEPTGMTTF	0.11
QEL62783.1	717	363	464	50	6	2.04	SSSES-S-VSSSVSSAASSL-SSVASTISSSASSAVSSAASSA-SSA-VSSD SSAAS-SAASSAASSAASSLVSS-A-S-SSLASSA-SSSASSAGSSAGSSSA GSSAGAS--S	SSSASSASSAASSAASSLVSSVASSISSLASSAVSSAASSAGSSAGSSSA	SSSAS-S-ASSAASSAASSLVSSVASSISSLASSAVSSAASSAGSSAGSSSA	0.19
QEO21241.1	388	159	270	49	7	2.22	TSSYHS-----T--VTETHTGTQTVTITSCDDH--HCVTTTAPCTWGPTTKTEHDT TTTYTTWCPIET--VTNTH--TQTLTITSCDDHECHTKTTTAPCTWGPTTKTEHGT ETIVTT-----WCPV-ESH	TTIYTTTVTETHTGTQTLTITSCDDHECHCKTTTAPCTWGPTTKTEHDT	TTIYTT-----T--VTETHTGTQTLTITSCDDHECHCKTTTAPCTWGPTTKTEHDT	0.19
QEL63125.1	507	332	431	49	8	2.04	PSS--TSQSSKSSSSSSVITSS---TSSAVSSSSAVSSSSAVWSSSASPS -SSAGPS-SSIDSSSSEAPSSSVAPSSSAGSSSSAESSSSDV-PSSA--S PSS-ESSSSSS	PSSEPSQSSIDSSSSEAISSSVAPSSSAGSSSSAESSSSAVWPSSASPS	PSS-EPSQSSIDSSSSEAISSSVAPSSSAGSSSSAESSSSAVWPSSASPS	0.21
PIS52481.1	1247	346	1003	46	9	13.87	D-FTTYTTTVVTTDSDG-QSTTESDVVIVTTDSDGSWTTTTSSLSPS---G-PS---- EGPTTYTTSVVTTDSNG-QTTTSSDVVIVTTDSDG--SLTTTT-SPL---G-PS---- EGPTTYTTSVVTTDSNG-QTTTSSDVVIVTTDSDG--SLTTTT-SPLGPTG-PT---- EGPTTYTTSVVTTDSNG-ETTTSSDVVIVTTDSDG--SLTTTT-SPL---N-PSSPG- EGPTTYTTSVVTTDSDG-QTTTSSDVVIVTTDSDG--SLTTTT-SPL---G-PSSPG- EGPTTYTTSVVTTDSNG-QTTTSSDVVIVTTDSDG--SLTTTT-SPL---S-P-G--- EGPTTYTTSVVTTDSNG-QTTTSSDVVIVTTDSDG--SLTTTT-SPL---S-P-G--- EGPTTYTTSVVTTDSNG-QTTTSSDVVIVTTDSDG--SLTTTT-SPL---S-P-G--- EGPTTYTTSVVTTDSNG-QTTTSSDVVIVTTDSDG--SLTTTT-SPL---G-P-SGPA EGPTTYTTSVVTTDSNG-ETITSSDVVIVTTDSDG--SLTTTT-SPL---GPP-SPG- EGPTTYFTDIVTTDDQG-HTTTSSGVVIVTTDSDG--SLTTTT-SPL---E-P-S--- -GPTTYTTAIVTTDDQG-NTVTSSDVVIVTTDSDG--SLTTTT-SPL---G-P----- GGPTTYTTSFVTTDDQGHQ-TTESDVVIVTTDSDG--NLITTT-SPLGPGG-P-S--- -GPTTYTTSFVTTDDQG-HKTTESDVVIVTTDSDG--NLVTTT-SPL	EGPTTYTTSVVTTDSNGQTTTSSDVVIVTTDSDGSLTTTTSPLGPS	EGPTTYTTSVVTTDSNG-QTTTSSDVVIVTTDSDG--SLTTTT-SPL---G-P-S---	0.11
QEL57973.1	1235	334	995	46	9	13.96	D-FTTYTTTVVTTDSDG-QSTTESDVVIVTTDSDGSWTTTTSSL---S-PSGPS EGPTTYTTSIVTTDSNG-QTTTSSDVVIVTTDSDGSLTTTTSPL---G-P-S-- EGPTTYTTSVVTTDSNG-QTTTSSDVVIVTTDSDGSLTTTTSPLGP-TGP-T-- EGPTTYTTSVVTTDSNG-ETTTSSDVVIVTTDSDGSLTTTTSPLNPSS-P-G-- EGPTTYTTSVVTTDSDG-QTTTSSDVVIVTTDSDGSLTTTTSPLGPSS-P-G-- EGPTTYTTSVVTTDSNG-QTTTSSDVVIVTTDSDGSLTTTTSPL---S-P-G-- EGPTTYTTSVVTTDSNG-QTTTSSDVVIVTTDSDGSLTTTTSPL---S-P-G-- EGPTTYTTSVVTTDSNG-QTTTSSDVVIVTTDSDGSLTTTTSPL---S-P-G-- EGPTTYTTSVVTTDSNG-QTTTSSDVVIVTTDSDGSLTTTTSPLGP-SGP-A-- EGPTTYTTSVVTTDSNG-ETITSSDVVIVTTDSDGSLTTTTSPLGPPS-P-GE- -GPTTYFTDIVTTDDQG-HTTTSSGVVIVTTDSDGSLTTTTSPL---E-P-S-- -GPTTYTTAIVTTDDQG-NTVTSSDVVIVTTDSDGSLTTTTSPL---G-P-G-- -GPTTYTTSFVTTDDQGHQ-TTESDVVIVTTDSDGNLITTTSPL---G-PGGPS -GPTTYTTSFVTTDDQG-HKTTESDVVIVTTDSDGNLVTTTSPL---G-P-G-- D	EGPTTYTTSVVTTDSNGQTTTSSDVVIVTTDSDGSLTTTTSPLSPG	EGPTTYTTSVVTTDSNG-QTTTSSDVVIVTTDSDGSLTTTTSPL---S-P-G--	0.1
PIS49865.1	1720	501	1439	44	10	21.3	T--T-FTSTWTTTDSDG-NAS-TDSGVVIVTTDSDGSLTTTTS-VI-PP-PF- T--T-FTSTWTTTNSDG-SSE-TDSGVIIVTTDPEGSLTTTTS-VI-PP-PF- T--T-YTSTWTTTNSDGSQ-A-TDSGVVIVTTDSEGQLTTTTS-VI-PP-PF- T--T-YTSTWTTTNSDG-SSE-TDSGVIIVTTDSEGQLTTTTS-MI-PP-PF- T--T-YTSTWTTTDANG-GEE-TDSGVIIVTTDSDGQLSTTTS-VI-PP-PF- T--T-FTSTWTTSNSDG-NQA-TDSGVIIVTTDSDGQLTTTTS-VI-PP-PF- T--T-YTSTWTTTDGNG-AEE-TDSGVIIVTTDSEGQLTTTTS-II-DP-PF- T--T-YTSTWTTTGADG-SEE-TDSGVIIVTTDSAGQLTTTTS-VI--SPPF- T--T-FTSTWTTTDGNG-N-EGTDSGVIIVTTDSDGAL-TTTT-----S---- ----------VIPPAAG-------TG-------TDG--VSSFS--N-DV-PY- T--T-YTSTWATTDGNG-NIE-TDSGVVIVTTDSEGSLTTTTS-II-DS-PF- T--T-YTSTWATTDNNG-NVE-TDSGVVIVTTDSNGQLTTTTS-VI-DS-PY- T--T-YTTSWPTTDANG-GVE-TDSGVVIVTTDSNGQLSTTTS-VI-DS-PF- T--T-YTTSWPTTDGNG-AVE-TDSGVVIVTTDSNGQLTTTTS-VI-DS-PY- T--T-YTTSWPTTDANG-NVE-TDSGVVIVTTDSNGQLSTTTS-VI-DS-PF- T--T-YTTSWPTTDGNG-AVE-TDSGVVIVTTDSNGQLTTTTS-VI-DS-PF- T--T-YTTSWPTTDANG-NVE-TDSGVVIVTTDSNGQLSTTTS-VI-DS-PY- T--T-YTTSWPTTDANG-NVE-TDSGVVIVTTDSNGQLSTTTS-LI-DS-PY- T--T-YTTSWPTTDANG-NVE-TDSGVVIVTTDSNGQLTTSTS-LL-ED-PY- T--S-YTTSWPTTDAYG-NVD-TDSGVVIVTTDSNGQLTTFTS-QLPET-PGL T--S-YTSSWTTTDANG-NVE-TDSGVIIVTTDSNGQLTTTTSQFG-DK-P-- SGLTDFTTTWTSTDDNG-SLT-TDSGVVIVTTDSEGSLSTTTS	TTYTSTWTTTDANGNVETDSGVVIVTTDSNGQLTTTTSVIDSPF	T--T-YTSTWTTTDANG-NVE-TDSGVVIVTTDSNGQLTTTTS-VI-DS-PF-	0.15
QEL62736.1	1456	501	1175	44	10	15.3	T--T-FTSTWTTTDSGG-NAS-TDSGVVIVTTDSDGSLTTTTS-VIP--PPF T--T-FTSTWTTTNSDG-SSE-TDSGVIIVTTDPEGSLTTTTS-VIP--PPF T--T-YTSTWTTTNSDGSQ-A-TDSGVVIVTTDSEGQLTTTTS-VIP--PPF T--T-YTSTWTTTDANG-GEE-TDSGVIIVTTDSDGQLSTTTS-VIP--PPF T--T-FTSTWTTSNSDG-NQA-TDSGVIIVTTDSDGQLTTTTS-VIP--PPF T--T-YTSTWSTTDGNG-AEE-TDSGVIIVTTDSEGQLTTTTS-IID--PPF T--T-YTSTWTTTGADG-SEE-TDSGVIIVTTDSAGQLTTTTS-VIP--PPF T--T-FTSTWTTTDGNG-N-EGTDSGVLIVTTDSDGALTTTTS-VI------ ------------PPAAG--TG-TD-G---VSSFS--N-----D-V-----PY T--T-YTSTWTTTDGNG-NIE-TDSGVVIVTTDSEGSLTTTTS-IID--SPF T--T-YTSTWATTDNNG-NVE-TDSGVVIVTTDSNGQLSTTTS-VID--SPY T--T-YTTSWPTTDANG-NVE-TDSGVVIVTTDSNGQLSTTTS-LID--SPY T--T-YTTSWPTTDANG-NVE-TDSGVVIVTTDSNGQLTTTTS-LLE--DPY T--S-YTTSWPTTDAHG-NVD-TDSGVVIVTTDSNGQLTTFTS-QLPETPGL T--S-YTSSWTTTDANG-NVE-TDSGLIIVTTDSNGQLTTTTSQFGD--KP- SGLTDFTTTWTSTDDNG-SLT-TDSGVVIVTTDSEGSLSTTTS	TTYTSTWTTTDANGNVETDSGVVIVTTDSEGQLTTTTSVIPPPF	T--T-YTSTWTTTDANG-NVE-TDSGVVIVTTDSEGQLTTTTS-VIP--PPF	0.17
XP_028888611.1	1704	498	1423	44	10	20.95	PTLT--T-FTSTWTTTDSDG-NAS-TDSGVVIVTTDSDGSLTTTTS-VI-PP- P-FT--T-FTSTWTTTNSDG-SSE-TDSGVIIVTTDPEGSLTTTTS-VI-PP- P-FT--T-YTSTWTTTNSDGSQ-A-TDSGVVIVTTDSEGQLTTTTS-VI-PP- P-FT--T-YTSTWTTTNSDG-SSE-TDSGVIIVTTDSEGQLTTTTS-MI-PP- P-FT--T-YTSTWTTTDANG-GEE-TDSGVIIVTTDSDGQLSTTTS-VI-PP- P-FT--T-FTSTWTTSNSDG-NQA-TDSGVIIVTTDSDGQLTTTTS-VI-PP- P-FT--T-YTSTWTTTDGNG-AEE-TDSGVIIVTTDSEGQLTTTTS-II-DP- P-FT--T-YTSTW--T---------T-TG-----AD-AGQLTTTTS-VI--SP P-FT--T-FTSTWTTTDGNG-N-EGTDSGVIIVTTDSDGALTTTTS-VI-PP- -----------------AAG-------TG-------TDG--VSSFS--N-DV- P-YT--T-YTSTWATTDGNG-NIE-TDSGVVIVTTDSEGSLTTTTS-II-DS- P-FT--T-YTSTWATTDNNG-NVE-TDSGVVIVTTDSNGQLTTTTS-VI-DS- P-YT--T-YTTSWPTTDANG-GVE-TDSGVVIVTTDSNGQLSTTTS-VI-DS- P-FT--T-YTTSWPTTDGNG-AVE-TDSGVVIVTTDSNGQLTTTTS-VI-DS- P-YT--T-YTTSWPTTDANG-NVE-TDSGVVIVTTDSNGQLSTTTS-VI-DS- P-FT--T-YTTSWPTTDGNG-AVE-TDSGVVIVTTDSNGQLTTTTS-VI-DS- P-FT--T-YTTSWPTTDANG-NVE-TDSGVVIVTTDSNGQLSTTTS-VI-DS- P-YT--T-YTTSWPTTDANG-NVE-TDSGVVIVTTDSNGQLSTTTS-LI-DS- P-YT--T-YTTSWPTTDANG-NVE-TDSGVVIVTTDSNGQLTTSTS-LL-ED- P-YT--S-YTTSWPTTDAYG-NVD-TDSGVVIVTTDSNGQLTTFTS-QLPET- PGLT--S-YTSSWTTTDANG-NVE-TDSGVIIVTTDSNGQLTTTTSQFG-DK- P--SGLTDFTTTWTSTDDNG-SLT-TDSGVVIVTTDSEGSLSTTTS	PFTTYTSTWTTTDANGNVETDSGVVIVTTDSNGQLTTTTSVIDS	P-FT--T-YTSTWTTTDANG-NVE-TDSGVVIVTTDSNGQLTTTTS-VI-DS-	0.16
PIS50296.1	2946	507	2531	43	11	45.68	PPALT--E-FTTTW-TSTK-SD-G-GV-ET--DSG-VVI-VTTDSDGSL-TTTTS-VIP- PP-FT--T-YTSSW-VTTN-SA-G--ETET--DSG-VVV-VTTNSEGEL-TTSTS-VIP- PP-YT--T-YTSTW--TT--TD-GNGDVET--DSG-VVI-VTTGSDGSL-TTTTS-VIP- PP-FT--T-FTSTW-TTTN-TD-G--ETET--DSGIVV--VTTDSNGQL-TTSTS-IIP- PP-FT--T-YISTW-TSSQ-SD-G-SE-VT--DSG-VVI-VTTDSDGSL-TTTTS-VIP- PP-FT--T-YTSTW-ATTN-SN-G--ETET--NSG-VVV-VTTGSDGEL-TTTTS-TIP- PP-FT--T-YTSTW-ISTN-SN-GAT--ET--DSG-VVV-VTTDSDGAL-TTTTS-IIP- QP-FT--T-YTSTW-TSTN-SD-G--DTET--DSG-VVV-VTTNSDGAL-TTSTS-VIP- QP-FT--T-FTSTW-TSSN-SD-G-AV-QT--DSG-VVI-VTTGSDGSL-TTTTS-VIP- PP-FT--T-YTSTW-TSSN-SD-G--ETET--DSG-VVV-VTTDSNGEL-TTTTS-IIP- PP-FT--T-FTSTW-TSTK-SD-G-AV-ET--DSG-VII-VTTNSEGDL-TTTTS-IIP- PP-YT--T-YTSTW-TTTN-SD-G-SE-ET--DSG-VVI-VTTGTDGSL-TTTTS-VIP- PP-FT--T-YTSTW-ITTN-SN-G-AV-ET--DSG--IIVVTTNSGGSL-TTSTS-VLP- TP-FT--T-YTSTW-TTSD-GD-G-NV-QT--DSG-VVI-VTTGSDGAL-STTTS-VIP- PP-FT--T-YTSTW-TSTN-SD-G--ETET--DSG-VVV-VTTDSNGAL-TTTTS-IIP- PP-FT--T-FTSTW-TTT--DENGAT--ET--DSG-VVV-VTTGTDGSL-TTTTS-VIP- PP-YT--T-FTSTW-TTSN-SN-G--DIET--DSG-VVI-VTTNSDGSL-TTTTS-VIP- PP-YT--T-FTTTW-ATTN-SD-G-TT-ET--DSG-VVV-VTTDSEGQL-TTTTS-VIP- PP-FT--T-YTSTW-TSKK-SD-G-AV-ET--DSG-VVI-VTTDSDGSL-TTTTS-LIP- QP-FT--T-YTSTW-TSTN-SN-G-AI-ET--ESG-VVV-VTTDSNGAL-TTSTS-VIP- LP-LT--T-FTTTW-TTTN-SA-G--ETET--DSG-VVI-VETNSNGAL-TTTTS-TFP- EP-FT--T-FTSTW-TTT--DDSG-AI-AT--DSG-VII-VTTGSDGSL-STTTS-VIP- PP-FT--T-YTTTW-TSTN-SN-G-GV-ET--DSG-VVI-VTTNSDGAL-ETTTS-VID- PP-FT--T-YTSTW-TTTD-AD-G-AI-ET--DSG-VVV-VTTGSDGSL-TTTTS-VIP- HP-FT--T-YTSTW-VTTG-SD-GNT--ET--DSG--VIVVTTDSDGAM-TTSTS-LLP- VP-FT--T-YTSTW-TITN-SD-G-SQ-AT--DSG-IVI-VTTDSEGQL-TTTTS-VIP- PP-FT--T-YTSTW-TTTG-AN-G-GE-ET--DSG-VII-VTTDSDGQL-ATTTS-VIP- PP-FT--T-FTSTW-TTTN-SD-G-NQ-AT--DSG-VVI-VTTDSDGQL-TTTTS-VIP- PP-FT--T-YTSTW-TTTG-AD-G-SE-ET--DSG-VII-VTTDSAGQL-TTTTS-VIP- PP-FT--T-FTSTW-TTTD-GN-G-NE-GT--DSG-VII-VTTDSDGAL-TTTTA-VIP- -P------------------AA-G---------SG---------TD-AL---SSS--IDD VP-YT--T-YTSTW-TTTD-GN-G-NI-ET--DSG-VVI-VTTDSEGSL-TTTTS-II-D SP-FT--T-YTSTWATTDN--N-G-NV-ET--DSG-VVI-VTTDSNGQL-TTTTS-VI-D SP-YT--T-YTTSW-PTTD-AN-G-GV-ET--DSG-VVI-VTTDSNGQL-STTTS-VI-D SP-FT--T-YTTSW-PTTD-GN-G-AV-ET--DSG-VVI-VTTDSNGQL-TTTTS-VI-D SP-YT--T-YTTSW-PTTG-AD-G-AV-ET--DSG-VVI-VTTDSDGQL-TTTTS-VI-D SP-YT--T-YTSIW-TTTD-SV-G-NV-ET--DSG-VVI-VTTDSDGQV-TTTTSRFE-N SP--SDLTEYTTTW-ASTD-SD-G-NI-KT--DSG-VVV-VTTDSAGST-TTSTS-TF-D TP-YT--T-FTSTW-TTTN-GN-G--DVKT--DSG-VII-VTTDSVGQL-TTTTS-QF-D SQ-QSGLTDYTTTW-TTTD-RN-G-NP-ST--ASG-VVV-VTTDSDGQI-TSTTSQFS-D -K-SSGLTDYTTTW-TTTD-TD-G-SV-VT--DSG-VVI-VTTDSAGSL-TTTTS-VF-D TP-IT--T-FTSTW-TTTN-AD-G-SI-ET--DSG-VII-VTTDSNGQL-TTTTSQSD-N RP--SGLTDYTTTW-TTTN-TD-G-AI-ET--DSG-VVV-VTTDSQG------------- ------------------QLT----T--IT---S---VI----ESPVTA-SSGSS-DK-P SG-IT--E-FTTTW-TTTD-AN-G-IA-HT--DSG-VVI-VTTDADGSL-TTTTS-QI-D NV-SSGLTEFTSSW-TTTL-SD-G-SV-ET--DSG-LVI-VTTDSNGQLKTTTSQ-FE-D IP--SGLSEFTTSW-TTTD-AD-G--D--TRIDSG-VVI-VTTDSDNRL-TTTTS	PPFTTYTSTWTTTNSDGVETDSGVVIVTTDSDGQLTTTTSVIP	PP-FT--T-YTSTW-TTTN-SD-G--V-ET--DSG-VVI-VTTDSDGQL-TTTTS-VIP-	0.21
XP_028889033.1	3052	525	2637	43	11	47.7	PPALT--E-FTTTW-TS-T--K-S-DGG-V-E--T--DSG-VVI-VTTDSDGS-L-TTTTS-VIP- PP-FT--T-YTSSW-VT-T--N-S-A-GET-E--T--DSG-VVV-VTTNSEGE-L-TTSTS-VIP- PP-YT--T-YTSTW-TT-TDGN-G-D---V-E--T--DSG-VVI-VTTGSDGS-L-TTTTS-VIP- PP-FT--T-FTSTW-TT-T--N-T-D-GET-E--T--DSGIVV--VTTDSNGQ-L-TTSTS-IIP- PP-FT--T-YTSTW-TS-S--Q-S-D-G-S-EV-T--DSG-VVI-VTTDSDGS-L-TTTTS-VIP- PP-FT--T-YTSTW-AT-T--N-S-N-GET-E--T--NSG-VVV-VTTGSDGE-L-TTTTS-TIP- PP-FT--T-YTSTW-IS-T--N-S-N-GAT-E--T--DSG-VVV-VTTDSDGA-L-TTTTS-IIP- QP-FT--T-YTSTW-TS-T--N-S-D-GDT-E--T--DSG-VVV-VTTNSDGA-L-TTSTS-VIP- QP-FT--T-FTSTW-TS-S--N-S-N-GAV-Q--T--DSG-VVI-VTTGSDGS-L-TTTTS-VIP- PP-FT--T-YTSTW-TS-S--N-S-D-GET-E--T--DSG-VVV-VTTDSNGE-L-TTTTS-IIP- PP-FT--T-FTSTW-TS-T--K-S-D-GAV-E--T--DSG-VII-VTTNSEGD-L-TTTTS-IIP- PP-YT--T-YTSTW-TT-T--D-S-N-GVT-E--T--DSG-VVV-VTTDSDGQ-L-TTATS-IIP- PP-FT--T-YTSTW-TT-T--N-S-D-G-SEE--T--DSG-VVI-VTAGTDGS-L-TTTTS-VIP- PP-FT--T-YTSTW-IT-T--N-S-N-GAV-E--T--DSG--IIVVTTNSGGS-L-TTSTS-VLP- TP-FT--T-YTSTW-TT-S--D-G-D-GNV-Q--T--DSG-VVI-VTTGSDGA-L-STTTS-VIP- PP-FT--T-YTSTW-IS-T--N-S-D-GET-E--T--DSG-VVV-VTTDSNGA-L-TTTTS-IIP- PP-FT--T-FTSTW-TT-T----D-ENGAT-E--T--DSG-VVV-VTTGTDGS-L-TTTTS-VIP- PP-YT--T-FTSTW-TT-S--N-S-N-GDI-E--T--DSG-VVI-VTTNSDGS-L-TTTTS-VIP- PP-YT--T-FTTTW-AT-T--N-S-D-GTT-E--T--DSG-VVI-VTTDSEGQ-L-TTTTS-VIP- PP-FT--T-YTSTW--T-S--NKS-D-GAV-E--T--DSG-VVI-VTTDSDGA-L-TTTTS-IIP- QP-FT--T-YTSTW-TS-T--N-S-N-GAI-E--T--ESG-VVV-VTTDSNGA-L-TTSTS-VIP- LP-LT--T-FTTTW-TT-T--N-S-A-GET-E--T--DSG-VVV-VETNSNGA-L-TTTTS-TFP- EP-FT--T-FTSTW-TT-T----D-DSGAI-A--T--DSG-VVI-VTTGSDGS-L-STTTS-VIP- PP-FT--T-YTTTW-TS-T--N-SNG-G-V-E--T--DSG-VVI-VTTNSDGA-L-ETTTS-VID- PP-FN--T-YTSTW-TT-T--D-A-D-GAI-E--T--DSG-VVV-VTTGSDGS-L-TTTTS-VIP- HP-FT--T-YTSTW-VT-T--G-S-D-GDT-E--T--DSG--VIVVTTDSDGA-L-TTSTS-LLP- VP-FT--T-YTSTW-TI-T--N-S-D-G-SQA--T--DSG-VVI-VTTDSEGQ-L-TTTTS-VIP- PP-FT--T-YTSTW-TT-TGAN---G-G-E-E--T--DSG-VII-VTTDSDGQ-L-ATTTS-VIP- PP-FT--T-FTSTW-TT-T--N-S-D-GNQ-A--T--DSG-VVI-VTTDSDGQ-L-TTTTS-VIP- PP-FT--T-YTSTW-TT-T--D-G-N-GAE-E--T--DSG-VII-VTTDSEGQ-L-TTTTS-VIP- PP-FT--T-YTSTW-TT-T--G-A-D-G-SEE--T--DSG-VII-VTTDSAGQ-L-TTTTS-VIP- PP-FT--T-FTSTW-TT-T--D-G-N-G-N-EG-T--DSG-VII-VTTDSDGA-L-TTTTA-VIP- -P---------------------A-A-G----------SG---------TD-A-L---SSS--IND VP-YT--T-YTSTW-TT-T--D-G-N-GNI-E--T--DSG-VVI-VTTDSQGS-L-TTTTS-II-D SP-FT--T-YTSTWATT-D--N---N-GNV-E--T--DSG-VVI-VTTDSNGQ-L-TTTTS-VI-D SP-YT--T-YTTSWPTTDA--N---G-G-V-E--T--DSG-VVI-VTTDSDGQ-L-STTTS-VI-D SP-FT--T-YTTSW-PT-T--D-G-N-GAV-E--T--DSG-VVI-VTTDSNGQ-L-TTTTS-VI-D SP-YT--T-YTTSW-PT-T--G-A-D-GAV-E--T--NSG-VVI-VTTDSDGQ-L-TTTTS-VI-D SP-YT--T-YTSIW-TT-T--D-S-V-GNV-E--T--DSG-VVI-VTTDSDGQ-V-TTTTSRFE-N SP--SDLTEYTTTW-AS-T--D-S-D-GNI-K--T--DSG-VVV-VTTDSAGS-T-TTSTS-TF-D TP-YT--T-FTSTW-TT-T--N-G-N-G---DVKT--DSG-VII-VTTDSVGQ-L-TTTTS-QF-D SQ-QSGLTDYTTTW-TT-TDRN-G-N-P-S----T--ASG-VVV-VTTDSDGQ-I-TSTTSQFS-D -K-SSGLTDYTTTW-TT-T--D-T-D-G-SVV--T--DSG-VVI-VTTDSAGS-L-TTTTS-VF-D TP-IT--T-FTSTW-TT-T--N-A-D-G-SIE--T--DSG-VII-VTADSNGQ-L-TTTTSQSD-N RP--SGLTDYTTTW-TT-T--N-T-D-GAI-E--T--DSG-VVV-VTTDSQGQ-L-TTITS-VI-E -----------SPV-TA-S----S---G-S----S--D---------KPS-G--I-----T--E-F ----------TTTW-TT-T--D-A-N-GIA-H--T--DSG-VVI-VTTDADGS-L-TTTTS-QI-D NV-SSGLTEFTSSW-TT-T--L-S-D-G-SVE--T--DSG-LVI-VTTDSNGQ-LKTTTSQ-FE-D IP--SGLSEFTTSW-TT-T--D-A-D-G---D--TRIDSG-VVI-VTTDSD-NRL-TTTTS	PPFTTYTSTWTTTNSDGVETDSGVVIVTTDSDGQLTTTTSVIP	PP-FT--T-YTSTW-TT-T--N-S-D-G-V-E--T--DSG-VVI-VTTDSDGQ-L-TTTTS-VIP-	0.21
PIS58185.1	2608	278	2295	42	12	48.05	Q-TDSGVLIVTTTGKSIVTTTTMFPHLTRSTFTTS-TMNSDGSW- Q-TDSGVVIVTGSEDVFETTTTMFPHLTRSTFTIS-SMNSDGSW- Q-TDSGVMIVTGSDDSFETTTTMFPHLTRSTFTTS-SMNSDGSW- Q-TDSGVVIVTGSEDSFETTTTMFPHLTRSTFTTS-TMNSDGSW- Q-TDSGVVIVTGSEDSFETTTTMFPHLTRSTFTTT-SINSDGDV- V-TDSGVVIVTGSEDTFETTTTMFPHLTRSTFTTTGT-NSDGDV- V-TDSGVVIVTGSDDSFETTTTMFPHLTRSTFTTS-SMNSDGSW- Q-TDSGVVIVTGSEDSFETTTTMFPHLTRSTFTIS-SMNSDGSW- Q-TDSGVVIVTGSEDSFETTTTMFPHLTRSTFTTS-SMNSDGSW- Q-IDSGVVIVTGSEDTFETTTTMFPHLTRSTFTTTGT-NSDGEV- V-TDSGVVIVTGSEDSFVTTTTTFPHWTRSTFTTS-SMNSDGSW- Q-TDSGVVIVTGSEDSFETTTTMFPHLTRSTFTTS-TMNSDGSW- Q-TDSGVVIVTGSEDVFETTTTMFPHLTRSTFTIS-SMNSDGSW- Q-TDSGVMIVTGSDDSFETTTTMFPHLTRSTFTTS-SMNSDGSW- Q-TDSGVVIVTGSEDSFETTTTMFPHLTRSTFTTS-TMNSDGSW- Q-TDSGVVIVTGSEDSFETTTTMFPHLTRSTFTTT-SINSDGDV- V-TDSGVVIVTGSEDTFETTTTMFPHLTRSTFTTTGT-NSDGDV- V-TDSGVVIVTGSDDSFETTTTMFPHLTRSTFTTS-SMNSDGPW- Q-TDSGVVIVTGSEDSFETTTTMFPHLTRSTFTIS-SMNSDGSW- Q-TDSGVVIVTGSEDSFETTTTMFPHLTRSTFTTS-SMNSDGSW- Q-IDSGVVIVTGSEDTFETTTTMFPHLTRSTFTTTGT-NSDGEV- V-TDSGVVIVTGSEDSFVTTTTTFPHWTRSTFTTS-SMNSDGSW- Q-TDSGVVIVTGSEDSFETTTTMFPHLTRSTFTTS-TMNSDGSW- Q-TDSGVVIVTGSEDVFETTTTMFPHLTRSTFTIS-SMNSDGSW- Q-TDSGVMIVTGSDDSFETTTTMFPHLTRSTFTTS-SMNSDGSW- Q-TDSGVVIVTGSEDSFETTTTMFPHLTRSTFTTS-TMNSDGSW- Q-TDSGVVIVTGSEDSFETTTTMFPHLTRSTFTTT-SINSDGDV- V-TDSGVVIVTGSEDTFETTTTMFPHLTRSTFTTTGT-NSDGDV- V-TDSGVVIVTGSDDSFETTTTMFPHLTRSTFTTS-SMNSDGSW- Q-TDSGVVIVTGSEDSFETTTTMFPHLTRSTFTIS-SMNSDGSW- Q-TDSGVMIVTGSDDSFETTTTMFPHLTRSTFTTS-SMNSDGSW- Q-TDSGVVIVTGSEDSFETTTTMFPHLTRSTFTTS-TMNSDGSW- Q-TDSGVVIVTGSEDSFETTTTMFPHLTRSTFTTT-SINSDGDV- V-TDSGVVIVTGSEDTFETTTTMFPHLTRSTFTTTGT-NSDGDV- V-TDSGVVIVTGSDDSFETTTTMFPHLTRSTFTIS-SMNSDGSW- Q-TDSGVMIVTGSDDSFETTTTMFPHLTRSTFTTS-SMNSDGSW- Q-TDSGVVIVTGSEDSFETTTTMFPHLTRSTFTTS-TMNSDGSW- Q-TDSGVVIVTGSEDSFETTTTMFPHLTRSTFTTT-SINSDGDV- V-TDSGVVIVTGSEDTFETTTTMFPHLTRSTFTTTGT-NSDGDV- V-TDSGVVIVTGSDDSFETTTTMFPHLTRSTFTTS-SMNSDGSW- Q-IDSGVVIVTGSEDTFETTTTMFPHLTRSTFTTTGT-NSDGEV- V-TDSGVVIVTGSEDSFVTTTTTFPHWTRSTFTTS-SMNSDGSW- Q-TDSGVVIVTGSEVSFETTTTMFPHLTRSTFTTS-TMNSDGSW- Q-TDSGVVIVTGSEDSFETTTTMFPHLTRSTFTTTGT-NSDGEV- V-TDSGVVIVTGSEDSFVTTTTTFPHWTRSTFTTS-SMNSDGSW- Q-TDSGVVIVTGSEDSFETTTTMFPHLTRSTFTTS-TMNSDGSW- Q-TDSGVVIVTGSEDSFETTTTMFPHLTRSTFTIS-SMNSDGSW- Q-TDSGVMIVTGSDDSFKTTTTMFPHL--TSFSSS-STKSTRTPW HFT	QTDSGVVIVTGSEDSFETTTTMFPHLTRSTFTTSSMNSDGSW	Q-TDSGVVIVTGSEDSFETTTTMFPHLTRSTFTTS-SMNSDGSW-	0.06
QEO22553.1	970	278	657	42	12	9.05	Q-TDSGVLIVTTTGKSIVTTTTMFPHLTRSTFTTS-SMNSDGSW- Q-TDSGVVIVTGSEDTFETTTTMFPHLTRSTFTTS-SMNSDGSW- Q-TNSGVVIVTGSEDTFETTTTMFPHLTRSTFTTTGT-NSDGEV- V-TDSGVVIVTGSEDSFVTTTTTFPHWTRSTFTTS-SMNSDGSW- Q-TDSGVVIVTGSEDSFETTTTMFPHLTRSTFTTS-SMNSDGSW- Q-TDSGVVIVTGSEDVFETTTTMFPHLTRSTFTTS-SMNSDGSW- Q-TDSGVVIVTGSEDTFETTTTMFPHLTRSTFTTS-SMNSDGSW- Q-TDSGVVIVTGSEDTFETTTTMFPHLTRSTFTTTGT-NSDGDV- V-TDSGVVIVTGSDDSFKTTTTMFPHL--TSFSSS-STKSTRTPW HFT	QTDSGVVIVTGSEDSFETTTTMFPHLTRSTFTTSSMNSDGSW	Q-TDSGVVIVTGSEDSFETTTTMFPHLTRSTFTTS-SMNSDGSW-	0.08
QEL60526.1	1600	278	1276	42	12	23.79	QTDSGVLIVTTTGKSIVTTTTMFPHLTR-STFTTS-SMNSDSSW QTDSGVVIVTGSEDSFETTTTMFPHLTR-STFTTS-SMNSDGSW QTDSGVVIVTGSEDSFETTTTMFPHLTR-STFTTS-SMNSDGSW QTDSGVVIVTGSEDTFETTTTMFPHLTR-STFTTS-SMNSDGSW QTDSGVVIVTGSEDTFETTTTMFPHLTR-STFTTTGT-NSDGEV VTDSGVVIVTGSEDSFVTTTTTFPHWTR-STFTTS-SMNSDGSW QTDSGVVIVTGSEDSFETTTTMFPHLTR-STFTTTGT-NSDGDV VTDSGVVIVTGSDDSFETTTTMFPHLTR-STFTTS-SMNSDGSW QTDSGVVIVTGSEDTFETTTTMFPHLTR-STFTTS-SMNSDGSW QTDSGVVIVTGSEDSFETTTTMFPHLTR-STFTTS-SMSSDGSW QTDSGVVIVTGSEDSFETTTTMFPHLTR-STFTTS-SMNSDGSW QTDSGVVIVTGSEDTFETTTTMFPHLTR-STFTTS-SMNSDGSW QTDSGVVIVTGSEDTFETTTTMFPHLTR-STFTTTGT-NSDGEV VTDSGVVIVTGSEDSFVTTTTTFPHWTR-STFTTS-SMNSDGSW QTDSGVVIVTGSEDSFETTTTMFPHLTR-STFTTS-SMNSDGSW QTDSGVVIVTGSEDVFETTTTMFPHLTR-STFTIS-SMNSDGSW QTDSGVVIVTGSDDSFETTTTMFPHLTR-STFTTS-SMNSDGSW QTDSGVVIVTGSEDTFETTTTMFPHLTR-STFTTS-SMNSDGSW QTDSGVVIVTGSEDSFETTTTMFPHLTR-STFTTS-SMNSDGSW QTDSGVVIVTGSEDSFETTTTMFPHLTR-STFTTS-SMSSDGSW QTDSGVVIVTGSEDSFETTTTMFPHLTR-STFTTS-SMNSDGSW QTDSGVVIVTGSEDTFETTTTMFPHLTR-STFTTTGT-NSDGDV VTDSGVVIVTGSDDSFETTTTMFPHLTR-STFTTS-SMNSDGSW QTDSGVVIVTGSEDTFETTTTTFPHWTSFSS-SS	QTDSGVVIVTGSEDSFETTTTMFPHLTRSTFTTSSMNSDGSW	QTDSGVVIVTGSEDSFETTTTMFPHLTR-STFTTS-SMNSDGSW	0.04
QEO21242.1	755	159	235	42	13	2	ETSS-SSSSGSKTTS-TST--TSSVAPTTSTSETPPSTDSSS DTSSETSASQT-TSSETSSRETSS--RETSPSET-SSSETSS E	ETSSESSASGSKTSSETSSRETSSVAPETSPSETPPSSDSSS	ETSSESSASGSKTSSETSSRETSSVAPETSPSETPPSSDSSS	0.16
QEO24533.1	718	363	492	41	14	3.15	SS-SESSVSSSVSSAASS-LSSVASTISSSA--SS-AV-SSAASS-A- SS-AVSSDSSAASSAASSAASSAASSLVSSA-SSSLA--SSASSS-A- SS-AGSS-GAS-SSAGSS--SAGASSVGASAGVSS-AVGTT-YSTDVA TTYSDGS	SSADSSDSSSASSAASSASSAASSIGSSASSSAVSSAASSA	SS-ADSSDSSSASSAASS-ASSAASSIGSSA-SSS-AV-SSAASS-A-	0.26
PIS49865.1	1720	1525	1603	40	15	2	VTSVCPETTTLVSTKEDGSLTTVT-AEVHETTVNGVVTSY -TTVCPESTTFVSTNEEGKETTVTGA-LIETTVQGIVTSY VS	VTSVCPESTTFVSTKEDGKETTVTGAELHETTVNGIVTSY	VTSVCPESTTFVSTKEDGKETTVTGAELHETTVNGIVTSY	0.12
QEL62736.1	1456	1261	1339	40	15	2	VTSVCPETTTLVSTKEDGSLTTVT-AEVHETTVNGVVTSY -TTVCPESTTFVSTNEEGKETTLTGA-LIETTVQGIVTSY VS	VTSVCPESTTFVSTKEDGKETTLTGAELHETTVNGIVTSY	VTSVCPESTTFVSTKEDGKETTLTGAELHETTVNGIVTSY	0.13
XP_028888611.1	1704	1509	1587	40	15	2	VTSVCPETTTLVSTKEDGSLTTVT-AEVHETTVNGVVTSY -TTVCPESTTFVSTNEEGKETTVTGA-LIETTVQDIVTSY VS	VTSVCPESTTFVSTKEDGKETTVTGAELHETTVNDIVTSY	VTSVCPESTTFVSTKEDGKETTVTGAELHETTVNDIVTSY	0.13
PIS50299.1	1795	367	1486	35	16	31.06	VS---TV-THTGTDSVAT--THT---TT-KS--GTRII---S---I---DV-P---TP TT---TI-TSTWTG--ST--TETITVPASSS-GGT--N---TV--V-V-EV-P---TP TT---TV-TRTWTGTVTS--TEII--PA-PS-GGT--V---TV--I-V-DV-P---TP VT---TV-TRTWTGSVTS--TETI--PAKP--GGT--E---TV----VIDV-P---TP ST---TIYS-TWTGTETT--TRTI--PA-SSPGGT--D---TVF-I---EV-P---TP VT---VI-TKTWTGSYTT--VVTE--PF-VS--GT--Q---T---IVV-EV-P---TP TT---TI-TRTWTGT-TSQ-TETL--PA-PS-GGT--Q---TV--V-V-DV-P---TP YT---TI-TKTWTGSVST--TETQ--PA-PS-GGT--G---TV--I-V-EV-P---TP VT---TI-TSTWTGT-TTQ-TETI--PA-PS-GGT--E---TI--I-V-DV-P---TP VT---TV-TSTYTGSITT--TRTI--PA-PS-GGT--E---TV--V-V-EV-P---TP TT---TIYS-TWTGTVTS--TRTD--HATTS-GGT--D---T---L-VIEV-P---TP VT---TI-TKTWTGSITT--TETI--PA-PS-GGT--E---TV--I-V-EV-P---TP VT---TI-TRTWTGSVTT--TETL--TA-PS-GGT--E---TL--I-I-DV-P---TP VT---TI-TRTWTGT-TTQ-TETL--PA-PS-GGT--E---TI--I-I-DV-P---TP VT---TI-TRTWTGSVTS--TETL--TA-PS-GGT--E---TV--I-I-DV-P---TP VT---TI-TKTWTGSVTT--TETI--PA-PS-GGT--E---TV--I-I-DV-P---TP VT---TF-TRTWTGT-STQ-TETI--PA-PS-GGT--E---TV--I-I-DV-P---TP VT---TI-TRTWTGSTTT--TETI--PA-ET-GGT--E---TV--I-I-DV-P---TP VT---TV-TKTWTGSITT--TETI--PA-QS-GGT--E---TV--V-V-EV-P---TP TT---TIWS-TWTGTETA--TRTV--PASTS-GGT--D---TV--I-V-EV-P---TP VT---VI-TKTWTGSYTT--VVTE--PF-ES--GT--Q---T---IVV-EV-P---TP TT---TV-TSTWTGT-TTAVT-TI--PA-TSFGGT--D---TV--V-V-QV-P---TP MT---TI-TKTWTGTVTT--TETL--PT-VS-GET--V---TV--V-V-DV-P---SQ YT---TL-TSTWTGT-STR-TITE--P--PS--GS--DTVGTV--V-V-EVPPTS-TA YT---TL-TSTWTGS-TTR-IFTE--P--P--AGS--D---TVGTIVV-EV-PQTSTE YS---TV-TSTWTGSVTT--TVTH--P--PT--GS--DTVGTV--V-V-EV-PQTSTE YT---TL-TSTWTGSVTT--TVTY--P--PS--GS--DTVGTV--V-V-EI-PKTSTD FT---TL-TSTWTGT-TTR-TLTN--P--P--AGS--DSVGTV--V-V-EV-PSTSTD YT---TL-TSTWTGSSTT--TLTI---S-PS--GS--DTIGTV--V-V-EV-P---ST FTDFATL-TSTWTGSVTT--TLTI--P--PS--GS--G---TVGTIVV-EV-PSTSTD YT---TL-TSTWTGSITR--TLTK--P--P--AGS--DTVGTV--V-V-EV-P---S- -T---TG-PRT	VTTITSTWTGSVTTTETIPAPSGGTDTVIVEVPTP	VT---TI-TSTWTGSVTT--TETI--PA-PS-GGT--D---TV--I-V-EV-P---TP	0.23
QEO24215.1	1772	367	1486	35	16	31.06	VSTV-THTGTDSVAT--THT---TT-KS--GTRII---S---I---DV-P---TP TTTI-TSTWTG--ST--TETITVPASSS-GGT--N---TV--V-V-EV-P---TP TTTV-TRTWTGTVTS--TEII--PA-PS-GGT--A---TV--I-V-DV-P---TP VTTV-TRTWTGSVTS--TETI--PAKP--GGT--E---TV----VIDV-P---TP STTIYS-TWTGTETT--TRTI--PA-SSPGGT--D---TVF-I---EV-P---TP VTVI-TKTWTGSYTT--VVTE--PF-VS--GT--Q---T---IVV-EV-P---TP TTTI-TRTWTGT-TSQ-TETL--PA-PS-GGT--Q---TV--V-V-DV-P---TP YTTI-TKTWTGSVST--TETQ--PA-PS-GGT--G---TV--I-V-EV-P---TP VTTI-TRTWTGT-TTQ-TETI--PA-PS-GGT--E---TI--I-V-DV-P---TP VTTV-TSTYTGSITT--TRTI--PA-PS-GGT--E---TV--V-V-EV-P---TP TTTIYS-TWTGTVTS--TRTD--HATTS-GGT--D---T---L-VIEV-P---TP VTTI-TKTWTGSITT--TETI--PA-PS-GGT--E---TV--I-V-EV-P---TP VTTI-TRTWTGSVTT--TETL--TA-PS-GGT--E---TV--I-I-DV-P---TP VTTI-TRTWTGT-TTQ-TETL--PA-PS-GGT--E---TI--I-I-DV-P---TP VTTI-TRTWTGSVTS--TETL--TA-PS-GGT--E---TV--I-I-DV-P---TP VTTI-TKTWTGSVTT--TETI--PA-PS-GGT--E---TV--I-I-DV-P---TP VTTF-TRTWTGT-STQ-TETI--PA-PS-GGT--E---TV--I-I-DV-P---TP VTTI-TRTWTGSTTT--TETI--PA-ET-GGT--E---TV--I-I-DV-P---TP VTTV-TKTWTGSITT--TETI--PA-QS-GGT--E---TV--V-V-EV-P---TP TTTIWS-TWTGTETA--TRTV--PASTS-GGT--D---TV--I-V-EV-P---TP VTVI-TKTWTGSYTT--VVTE--PF-ES--GT--Q---T---IVV-EV-P---TP TTTV-TSTWTGT-TTAVT-TI--PATSS-GGT--D---TV--V-V-QV-P---TP MTTI-TKTWTGTVTT--TETL--PT-VS-GET--V---TV--V-V-DV-P---SQ YTTL-TSTWTGT-STR-TITE--P--PS--GS--DTVGTV--V-V-EVPPTS-TA YTTL-TSTWTGS-TTR-IFTE--P--P--AGS--D---TVGTIVV-EV-PQTSTE YSTV-TSTWTGSVTT--TVTH--P--PT--GS--DTVGTV--V-V-EV-PQTSTE YTTL-TSTWTGSVTT--TVTY--P--PS--GS--DTVGTV--V-V-EI-PKTSTD FTTL-TSTWTGT-TTR-TLTN--P--P--AGS--DSVGTV--V-V-EV-PSTSTD YTTL-TSTWTGSSTT--TLTI---S-PS--GS--DTVGTV--V-V-EV-PSTFTD FTTL-TSTWTGSVTT--TLTI--P--PS--GS--G---TVGTIVV-EV-PSTSTD YTTL-TSTWTGSITR--TLTK--P--P--AGS--DTVGTV--V-V-EV-P---S- -TTG-PRT	VTTITSTWTGSVTTTETIPAPSGGTDTVIVEVPTP	VTTI-TSTWTGSVTT--TETI--PA-PS-GGT--D---TV--I-V-EV-P---TP	0.23
XP_028889036.1	1804	367	1486	35	16	31.06	VSTV-THTGTDSVAT--THT---TT-KS---GTRII---S---I---DV-P---TP TTTI-TSTWTG--ST--TETITVPASSS-G-GT--N---TV--V-V-EV-P---TP TTTV-TRTWTGTVTS--TEII--PA-PS-G-GT--A---TV--I-V-DV-P---TP VTTV-TRTWTGSVTS--TETI--PAKP--G-GT--E---TV----VIDV-P---TP STTIYS-TWTGTETT--TRTI--PA-SSPG-GT--D---TVF-I---EV-P---TP VTVI-TKTWTGSYTT--VVTE--PF-VS---GT--Q---T---IVV-EV-P---TP TTTI-TRTWTGT-TSQ-TETL--PA-PS-G-GT--Q---TV--V-V-DV-P---TP YTTI-TKTWTGSVST--TETQ--PA-PS-G-GT--G---TV--I-V-EV-P---TP VTTI-TRTWTGT-TTQ-TETI--PA-PS-G-GT--E---TI--I-V-DV-P---TP VTTV-TSTYTGSITT--TRTI--PA-PS-G-GT--E---TV--V-V-EV-P---TP TTTIYS-TWTGTVTS--TRTD--HATTS-G-GT--D---T---L-VIEV-P---TP VTTI-TKTWTGSITT--TETI--PA-PS-G-GT--E---TV--I-V-EV-P---TP VTTI-TRTWTGSVTT--TETL--TA-PS-G-GT--E---TV--I-I-DV-P---TP VTTI-TRTWTGT-TTQ-TETL--PA-PS-G-GT--E---TI--I-I-DV-P---TP VTTI-TRTWTGSVTS--TETL--TA-PS-G-GT--E---TV--I-I-DV-P---TP VTTI-TKTWTGSVTT--TETI--PA-PS-G-GT--E---TV--I-I-DV-P---TP VTTF-TRTWTGT-STQ-TETI--PA-PF-G-GT--E---TV--I-I-DV-P---TP VTTI-TRTWTGSTTT--TETI--PA-ET-G-GT--E---TV--I-I-DV-P---TP VTTV-TKTWTGSITT--TETI--PA-QS-G-GT--E---TV--V-V-EV-P---TP TTTIWS-TWTGTETA--TRTV--PASTS-G-GT--D---TV--I-V-EV-P---TP VTVI-TKTWTGSYTT--VVTE--PF-ES---GT--Q---T---IVV-EV-P---TP TTTV-TSTWTET-TTAVT-TI--PATSS-G-GT--D---TV--V-V-QV-P---TP MTTI-TKTWTGTVTT--TETL--PT-VS-G-ET--V---TV--V-V-DV-P---SQ YTTL-TSTWTGT-STR-TITE--P--PS---GS--DTVGTV--V-V-EVPPTS-TA YTTL-TSTWTGS-TTR-IFTE--P--P--A-GS--D---TVGTIVV-EV-PQTSTE YSTV-TSTWTGSVTT--TVTH--P--PT---GS--DTVGTV--V-V-EV-PQTSTE YTTL-TSTWTGSVTT--TVTY--P--PS---GS--DTVGTV--V-V-EI-PKTSTD FTTL-TSTWTGT-TTR-TLTN--P--PA-GFDSV-G---TV--V-V-EV-PSTSTD YTTL-TSTWTGSSTT--TLTI---S-PS---GS--DTIGTV--V-V-EV-PSTFTD FTTLAS-TWTGSVTT--TLTI--P--PS---GS--G---TVGTIVV-EV-PSTSTD YTTL-TSTWTGSITR--TLTK--P--P--A-GS--DTVGTV--V-V-EV-P---S- -TTG-PRT	VTTITRTWTGSVTTTETIPAPSGGTETVIVEVPTP	VTTI-TRTWTGSVTT--TETI--PA-PS-G-GT--E---TV--I-V-EV-P---TP	0.23
QEO21242.1	755	373	442	34	17	2	STTPVESSSS-SSS-SSS---TYFSTTLKTSLTSSSEPPVE SSTQV-TSSSESSSASTTPHETLSSTTPHKT-TSST	SSTPVSSSSSSSSSSTLFSTTLHKSTSSSEPPVE	SSTPV-SSSS-SSS-SSS---TLFSTTLHKS-TSSSEPPVE	0.17
QEL58520.1	457	271	338	34	18	2	CHTKTTTAPCTWGPTTKTEHGTTTTYTTWCPIET CHTKTTTAPCTWGPTTKTEHGTETIVTTWCPVES	CHTKTTTAPCTWGPTTKTEHGTETIVTTWCPIES	CHTKTTTAPCTWGPTTKTEHGTETIVTTWCPIES	0.06
QEO23226.1	696	164	225	33	19	2	YYYTTYT-Y-SYYYYTNYYTNYGTYDYTSYYTN -YYNSYTQYLT-NYYS-RYSDYYS-RYSTYYTG YY	YYYNSYTQYLSYNYYSNRYSDYGSYDYSSYYTG	YYYNSYTQYLSYNYYSNRYSDYGSYDYSSYYTG	0.19
XP_028888407.1	696	164	225	33	19	2	YYYTTYT-Y-SYYYYTNYYTNYGTYDYTSYYTN -YYNSYTQYLT-NYYS-RYSDYYS-RYSTYYTG YY	YYYNSYTQYLSYNYYSNRYSDYGSYDYSSYYTG	YYYNSYTQYLSYNYYSNRYSDYGSYDYSSYYTG	0.19
PIS51942.1	775	373	435	32	20	2	S-TTPVESSS-RSSSS-SSTFFSTTLR-TSLTS SGEPPVESSTQVTSSSESSS-ASTTPHETT-SS T-TP	STPPVESSSQRSSSSESSSFASTTLHETSLSS	S-TPPVESSSQRSSSSESSSFASTTLHETSLSS	0.16
XP_028890844.1	790	383	445	32	20	2	S-TTPVESSS-RSSSS-SSTFFSTTLR-TSLTS SGEPPVESSTQVTSSSESSS-ASTTPHETT-SS T-TP	STPPVESSSQRSSSSESSSFASTTLHETSLSS	S-TPPVESSSQRSSSSESSSFASTTLHETSLSS	0.16
XP_028889036.1	1804	1569	1648	32	21	2.47	TSSPP-NGPGAHTNL-VSNSPGVDTFPTPNGPDAH TTTVP-NGPGADT-T-VPNSPGVDTFPTPNGPDAH TT-PVSNVPGAHT-SPV	TTSPPNGPGAHTLVPNSPGVDTFPTPNGPDAH	TTSPP-NGPGAHT-L-VPNSPGVDTFPTPNGPDAH	0.12
PIS52467.1	229	60	128	30	22	2.3	ASVASEASKASEASVASEASVASAASAASA ASEASAASAASAASVASVASVASIKSAAAA ASEAS-ASKA	ASEASAASKASAASVASEASVASAASAAAA	ASEASAASKASAASVASEASVASAASAAAA	0.13
XP_028891364.1	229	60	128	30	22	2.3	ASVASEASKASEASVASEASVASAASAASA ASEASAASAASAASVASVASVASIKSAAAA ASEAS-ASKA	ASEASAASKASAASVASEASVASAASAAAA	ASEASAASKASAASVASEASVASAASAAAA	0.13
QEO20379.1	747	566	663	30	23	3.27	PSGPSGPQGPEGPEGPEGPEGPEGPRGPSG PEGPSGPSGPSGPSGPEGPSGPSGPSGPSS PSSPSGPSGPSGPSGPSGPSGPSGPSGPSG PSGP-GENG	PSGPSGPSGPSGPSGPEGPSGPSGPSGPSG	PSGPSGPSGPSGPSGPEGPSGPSGPSGPSG	0.13
PIS58558.1	224	133	201	29	24	2.34	SAGSASS-SA--PVTTSGSASASGSASASGSG SA-T-TSGSASNSASSSASSSASGSASGSASG SA-SVSTRTA--S	SASASSGSASASSSASASASGSASASASG	SA-SASSGSA--SASSSASASASGSASASASG	0.18
QEO22804.1	224	133	201	29	24	2.34	SAGSASS-SA--PVTTSGSASASGSASASGSG SA-T-TSGSASNSASSSASSSASGSASGSASG SA-SVSTRTA--S	SASASSGSASASSSASASASGSASASASG	SA-SASSGSA--SASSSASASASGSASASASG	0.18
XP_028892415.1	224	133	201	29	24	2.34	SAGSASS-SA--PVTTSGSASASGSASASGSG SA-T-TSGSASNSASSSASSSASGSASGSASG SA-SVSTRTA--S	SASASSGSASASSSASASASGSASASASG	SA-SASSGSA--SASSSASASASGSASASASG	0.18
PIS51941.1	440	320	381	28	25	2	ESH-PAPAPQPEPST--PG-A--PGPAPTTEAPG ETKPPAPGPGPAPTSQAPGPAPGPGPAPTSQAPG	ESHPAPAPGPAPSSPGAPGPAPTSEAPG	ESH-PAPAPGPAPSS--PG-A--PGPAPTSEAPG	0.16
QEO21241.1	388	268	329	28	25	2	ESH-PAPAPQPEPST--PG-A--PGPAPTTEAPG ETKPPAPGPGPAPTSQAPGPAPGPGPAPTSQAPG	ESHPAPAPGPAPSSPGAPGPAPTSEAPG	ESH-PAPAPGPAPSS--PG-A--PGPAPTSEAPG	0.16
QEL58520.1	457	337	398	28	25	2	ESH-PAPAPQPEPST--PG-A--PGPAPTTEAPG ETKPPAPGPGPAPTSQAPGPAPGPGPAPTSQAPG	ESHPAPAPGPAPSSPGAPGPAPTSEAPG	ESH-PAPAPGPAPSS--PG-A--PGPAPTSEAPG	0.16
XP_028890843.1	440	320	381	28	25	2	ESH-PAPAPQPEPST--PG-A--PGPAPTTEAPG ETKPPAPGPGPAPTSQAPGPAPGPGPAPTSQAPG	ESHPAPAPGPAPSSPGAPGPAPTSEAPG	ESH-PAPAPGPAPSS--PG-A--PGPAPTSEAPG	0.16
PIS49836.1	94	21	71	27	26	2	SSSSAPSHSHSSGSSTA-SSSAK-SS- SSASA--ASKSSGSSSAKSSS-KASSK SSS	SSSSAPSASHSSGSSSAKSSSAKASSK	SSSSAPSASHSSGSSSAKSSSAKASSK	0.14
QEL62703.1	94	21	71	27	26	2	SSSSAPSHSHSSGSSTA-SSSAK-SS- SSASA--ASKSSGSSSAKSSS-KASSK SSS	SSSSAPSASHSSGSSSAKSSSAKASSK	SSSSAPSASHSSGSSSAKSSSAKASSK	0.14
XP_028888640.1	94	21	71	27	26	2	SSSSAPSHSHSSGSSTA-SSSAK-SS- SSASA--ASKSSGSSSAKSSS-KASSK SSS	SSSSAPSASHSSGSSSAKSSSAKASSK	SSSSAPSASHSSGSSSAKSSSAKASSK	0.14
PIS54808.1	594	394	452	27	27	2.19	STVTASSTHSEIVTITSCDENKCVETL STVTKTNEHTKIVTITSCDDHKCVETL STVTK	STVTKSNEHSEIVTITSCDDHKCVETL	STVTKSNEHSEIVTITSCDDHKCVETL	0.08
QEL60909.1	592	403	456	27	27	2	IVTITSCDENKCVETLSTVTK-TNEHTK IVTITSCDDHKCVETLSTVTKAPAPKT	IVTITSCDDHKCVETLSTVTKPAEHTK	IVTITSCDDHKCVETLSTVTK-PAEHTK	0.09
XP_028889405.1	594	394	452	27	27	2.19	STVTASSTHSEIVTITSCDENKCVETL STVTKTNEHTKIVTITSCDDHKCVETL STVTK	STVTKSNEHSEIVTITSCDDHKCVETL	STVTKSNEHSEIVTITSCDDHKCVETL	0.08
XP_028893284.1	243	152	212	25	28	2.44	GSASASASGS-GSGSGSGSKSSGSAS GSASGSASGSKASGSGSAS-ASGSKS GSASSSGSAS-G	GSASASASGSGSGSGSASKASGSAS	GSASASASGS-GSGSGSASKASGSAS	0.16
PIS50296.1	2946	350	461	24	29	4.67	SS---TSSAVSSSSA-V-SS-SSAVSS SSTAPSSSAAPSSS--EAPN-SSEAPN SSVAPSSSADSSSSA-E-SS-SSEAPN SSVAPSSSADSSSSA-E-SS-SSDVP- SSAAPSS--ESSSSSSE-SSESS	SSVAPSSSADSSSSAESSSSEAPN	SSVAPSSSADSSSSA-E-SS-SSEAPN	0.2
XP_028889033.1	3052	350	479	24	29	5.42	SS---TSSAVSSSSA-VSS-SSAV-- SS---SSTA-PSSSA-APS-SSEAPN SSVVPSSSADSSSSA-ESS-SSDVPN SSVVPSSSADSSSSA-ESS-SSDVPN SSVVPSSSADSSSSA-ESS-SSDVP- SSAAPSS--ESSSSSSESSESS	SSVVPSSSADSSSSAESSSSDVPN	SSVVPSSSADSSSSA-ESS-SSDVPN	0.17
PIS50297.1	664	329	380	24	30	2.17	EETSSSSSSSSSASSSS--SSSPG -ESSSSSPTSSEPSSSSEAETSP- SASSSSST	EESSSSSPSSSEASSSSEAESSPG	EESSSSSPSSSEASSSSEAESSPG	0.18
QEO24213.1	666	329	380	24	30	2.17	EETSSSSSSSSSASSSS--SSSPG -ESSSSSPTSSEPSSSSEAETSP- SASSSSST	EESSSSSPSSSEASSSSEAESSPG	EESSSSSPSSSEASSSSEAESSPG	0.18
XP_028889034.1	662	329	380	24	30	2.17	EETSSSSSSSSSASSSS--SSSPG -ESSSSSPTSSEPSSSSEAETSP- SASSSSST	EESSSSSPSSSEASSSSEAESSPG	EESSSSSPSSSEASSSSEAESSPG	0.18
QEO21761.1	238	81	134	24	31	2.25	ASAASAASAASEASAASAASAASA ASAASAASVASVASVASIKSAAAA ASEASA	ASAASAASAASEASAASAASAAAA	ASAASAASAASEASAASAASAAAA	0.13
XP_028891790.1	742	539	656	24	32	4.92	PSGPSGPQGPEGPEGPEGPEGPEG PSGPSGPSGPSGPSGPSGPSGPSG PSGPSAPSGPSAPSGPSGPSGPEG PQGPQGPGGPSENGGPSGPSGPSG PSGPSGPSGPKGPSGPSGPSGP	PSGPSGPSGPSGPSGPSGPSGPEG	PSGPSGPSGPSGPSGPSGPSGPEG	0.14
PIS56912.1	765	250	461	22	33	9.5	E-T---TTT--T-SSS-SSSSSTVP-P-T-T-TS E-S---STSE-T-TSS--SSSKT-EPS-G-S-SS --SNPPPATE---TSS-ETTSST-E---T-S-SS E-T---TSTE---TST-EITSSS-E-A-T-S-ST E-----TSTE-T-TSSVETTSST-E-T-T-S-SS E-T---SNTE-T-TST-ETTSST-E-T-T-S-SS E-----TSTEPT-TSS-ESTTSP-G-P-A-T-SS EQT---TSSE-P-TTS--TNTSS-E-TKP-T-ES E-TG--SSTE-S-SSS--TNVTT-E-T-TPTEST E-S---TTSG-PGSST-E	ETTSTETTSSETTSSTETTSSS	E-T---TSTE-T-TSS-ETTSST-E-T-T-S-SS	0.2
QEO20379.1	747	250	293	22	34	2	ETTTTTSSSSSTSSTVP-PTTTS ESSTSETTSSSSSKTEPSGSSSS	ESSTSESSSSSSSKTEPGSSSS	ESSTSESSSSSSSKTEP-GSSSS	0.11
XP_028891790.1	742	250	293	22	34	2	ETTTTTSSSSSTSSTVP-PTTTS ESSTSETTSSSSSKTEPSGSSSS	ESSTSESSSSSSSKTEPGSSSS	ESSTSESSSSSSSKTEP-GSSSS	0.11
QEL58519.1	772	60	113	21	35	2.57	ESETTSTPVETSPTT-EITS-T ES-STESSSGTS-SSVVATTET VSTSSTSSTEAT-TS	ESESTESSSETSTSVEATSET	ESESTESSSETS-TSVEATSET	0.23
PIS49507.1	159	33	85	20	36	2.65	STDT--HRYGRFDKTTPASTPS SSGT--HKYGKFDKTKP-ES-T SSETGTHKYGKFDKT	SSDTHKYGKFDKTKPAESPS	SSDT--HKYGKFDKTKPAESPS	0.13
QEO23719.1	159	33	85	20	36	2.65	STDT--HRYGRFDKTTPASTPS SSGT--HKYGKFDKTKP-ES-T SSETGTHKYGKFDKT	SSDTHKYGKFDKTKPAESPS	SSDT--HKYGKFDKTKPAESPS	0.13
QEL62359.1	159	33	85	20	36	2.65	STDT--HRYGRFDKTTPASTPS SSGT--HKYGKFDKTKP-ES-T SSETGTHKYGKFDKT	SSDTHKYGKFDKTKPAESPS	SSDT--HKYGKFDKTKPAESPS	0.13
XP_028888969.1	159	33	85	20	36	2.65	STDT--HRYGRFDKTTPASTPS SSGT--HKYGKFDKTKP-ES-T SSETGTHKYGKFDKT	SSDTHKYGKFDKTKPAESPS	SSDT--HKYGKFDKTKPAESPS	0.13
PIS51942.1	775	60	119	20	37	2.9	E--SETTSTPVE-TS-PTTEITST E--S-STESSTG-TS--SSVVATT ETVSTSSTSSTEATTPPSS--TSS	ESESTESSTETSPSSEITST	E--SESTESSTE-TS-PSSEITST	0.25
QEL60734.1	237	152	210	19	38	3	GSASASASGS-GSGSG-SKS-S GSASGSASGSKASGSD-SASAS GSKSGSASSS-GSASGGS-S-S	GSASGSASGSGSGSGSASS	GSASGSASGS-GSGSG-SAS-S	0.18
XP_028889319.1	420	278	328	19	39	2.68	DANKSKSSSSSSSSSSS-AS --N-SSSSSSSSSSSSSAAS SKN-SPTSSAASSTST	DANSKSSSSSSSSSSSAAS	DAN-SKSSSSSSSSSSSAAS	0.19
PIS50299.1	1795	1542	1576	18	40	2	NGPTTSPGTLNPTTSPDV SGPTTTP-S--STSSP-P NGP	NGPTTSPGSLNPTSSPDP	NGPTTSPGSLNPTSSPDP	0.18
QEO24215.1	1772	1542	1576	18	40	2	NGPTTSPDTLNPTTSPDV SGPTTTP-S--STSSP-P NGP	NGPTTSPDSLNPTSSPDP	NGPTTSPDSLNPTSSPDP	0.18
XP_028889036.1	1804	1542	1576	18	40	2	NGPTTSPDTLNPTTSPDV SGPTTTP-S--STSSP-P NGP	NGPTTSPDSLNPTSSPDP	NGPTTSPDSLNPTSSPDP	0.18
PIS50582.1	420	250	288	18	41	2.17	KSGSWKSIKAENGEVN-G RSGSSSTNK--QGDANKS KSSSSS	KSGSSSSIKAENGDANKG	KSGSSSSIKAENGDANKG	0.21
QEO24493.1	420	250	288	18	41	2.17	KSGSWKSIKAENGEVN-G RSGSSSTNK--QGDANKS KSSSSS	KSGSSSSIKAENGDANKG	KSGSSSSIKAENGDANKG	0.21
QEL62824.1	411	247	285	18	41	2.17	KSGSWKSIKAENGEVN-G RSGSSSTNK--QGDANKS KSSSSS	KSGSSSSIKAENGDANKG	KSGSSSSIKAENGDANKG	0.21
XP_028889319.1	420	250	288	18	41	2.17	KSGSWKSIKAENGEVN-G RSGSSSTNK--QGDANKS KSSSSS	KSGSSSSIKAENGDANKG	KSGSSSSIKAENGDANKG	0.21
PIS52010.1	721	652	684	18	42	2	TRTTS-GGTS-NTARTSS SKSTTVAGTSQNS--GTS S	SKSTSVAGTSQNSARGSS	SKSTSVAGTSQNSARGSS	0.16
QEO21310.1	721	652	684	18	42	2	TRTTS-GGTS-NTARTSS SKSTTVAGTSQNS--GTS S	SKSTSVAGTSQNSARGSS	SKSTSVAGTSQNSARGSS	0.16
QEL58448.1	715	646	678	18	42	2	TRTTS-GGTS-NTARTSS SKSTTVAGTSQNS--GTS S	SKSTSVAGTSQNSARGSS	SKSTSVAGTSQNSARGSS	0.16
XP_028890912.1	721	652	684	18	42	2	TRTTS-GGTS-NTARTSS SKSTTVAGTSQNS--GTS S	SKSTSVAGTSQNSARGSS	SKSTSVAGTSQNSARGSS	0.16
PIS54781.1	190	21	73	17	43	3.12	GD-SGSSGG-SGG----S GS-SG-SGGESGGDSGSS GS-SGSSGGESGGSSESS APMSGNSG	GSSGSSGGESGGDSESS	GS-SGSSGGESGGDSESS	0.2
QEO24192.1	190	21	73	17	43	3.12	GD-SGSSGG-SGG----S GS-SG-SGGESGGDSGSS GS-SGSSGGESGGSSESS APMSGNSG	GSSGSSGGESGGDSESS	GS-SGSSGGESGGDSESS	0.2
XP_028891699.1	190	21	73	17	43	3.12	GD-SGSSGG-SGG----S GS-SG-SGGESGGDSGSS GS-SGSSGGESGGSSESS APMSGNSG	GSSGSSGGESGGDSESS	GS-SGSSGGESGGDSESS	0.2
PIS54808.1	594	331	387	17	44	3.35	ASSVESSAAASSAASSA APSAESSAAVSSAA-SA A--V-SS-AA-S-A--A ASSADSSLAASSAAS	ASSAESSAAASSAASSA	ASSAESSAAASSAASSA	0.21
XP_028889405.1	594	331	387	17	44	3.35	ASSVESSAAASSAASSA APSAESSAAVSSAA-SA A--V-SS-AA-S-A--A ASSADSSLAASSAAS	ASSAESSAAASSAASSA	ASSAESSAAASSAASSA	0.21
PIS52467.1	229	178	208	16	45	2	SSTKGSS-SLSSSARA TSS-GSSAGASSS--A SSS	SSSKGSSAGASSSARA	SSSKGSSAGASSSARA	0.17
QEO21761.1	238	187	217	16	45	2	SSTKGSS-SLSSSARA TSS-GSSAGASSS--A SSS	SSSKGSSAGASSSARA	SSSKGSSAGASSSARA	0.17
XP_028891364.1	229	178	208	16	45	2	SSTKGSS-SLSSSARA TSS-GSSAGASSS--A SSS	SSSKGSSAGASSSARA	SSSKGSSAGASSSARA	0.17
XP_028891711.1	221	62	112	16	46	3.06	NTVNTANTANTANTANTA NTANTANTANT-VTANT- NKANTAAT-GT-QTANT- QT	NTANTANTANTNTANT	NTANTANTANT-NTANT-	0.15
PIS56617.1	858	341	377	15	47	2.4	SSSASTSDSPSTSGEE SST-SSDDNASTT-PT DSQ-STTD	SSQSTDDNASTSGEE	SSQ-STDDNASTSGEE	0.24
QEO22143.1	805	341	377	15	47	2.4	SSSASTSDSPSTSGEE SST-SSDDNASTT-PT DSQ-STTD	SSQSTDDNASTSGEE	SSQ-STDDNASTSGEE	0.24
XP_028892087.1	833	341	377	15	47	2.4	SSSASTSDSPSTSGEE SST-SSDDNASTT-PT DSQ-STTD	SSQSTDDNASTSGEE	SSQ-STDDNASTSGEE	0.24
QEO21242.1	755	81	119	15	48	2.6	SSTESSTG--TSSSVVA -STETVS---TSST--- SSTEATTPPLSTSS	SSTEASTGTSSSVVA	SSTEASTG--TSSSVVA	0.23
XP_028890844.1	790	81	119	15	48	2.6	SSTETSTG--TSSSVVA -TTETVS---TSST--- SSTEATTPPLSTSS	SSTETSTGTSSSVVA	SSTETSTG--TSSSVVA	0.23
PIS50454.1	299	118	149	14	49	2.29	ATTPATATTP--KE ATTPTTATTPAAGA ATTPTT	ATTPTTATTPAAGA	ATTPTTATTPAAGA	0.15
PIS51161.1	797	329	353	14	50	2	TTG-GGATTTN-GP SSGSNGA-SSNSG- S	SSGSGGATSSNSGP	SSGSGGATSSNSGP	0.17
QEO19794.1	801	333	357	14	50	2	TTG-GGATTTN-GP SSGSNGA-SSNSG- S	SSGSGGATSSNSGP	SSGSGGATSSNSGP	0.17
QEL59286.1	797	329	353	14	50	2	TTG-GGATTTN-GP SSGSNGA-SSNSG- S	SSGSGGATSSNSGP	SSGSGGATSSNSGP	0.17
XP_028890043.1	797	329	353	14	50	2	TTG-GGATTTN-GP SSGSNGA-SSNSG- S	SSGSGGATSSNSGP	SSGSGGATSSNSGP	0.17
PIS51942.1	775	133	163	14	51	2.21	TTSSCETTSSPESE TSTTCD-DCKEEPE TSSS	TSSSCDTDCKEEPE	TSSSCDTDCKEEPE	0.19
PIS58559.1	202	145	170	14	52	2	SNSASAPASGTKSG SQSAS--GSGSKT- S	SNSASAPASGSKSG	SNSASAPASGSKSG	0.14
QEO20627.1	202	145	170	14	52	2	SNSASAPASGTKSG SQSAS--GSGSKT- S	SNSASAPASGSKSG	SNSASAPASGSKSG	0.14
QEL59879.1	202	145	170	14	52	2	SNSASAPASGTKSG SQSAS--GSGSKT- S	SNSASAPASGSKSG	SNSASAPASGSKSG	0.14
XP_028892416.1	202	145	170	14	52	2	SNSASAPASGTKSG SQSAS--GSGSKT- S	SNSASAPASGSKSG	SNSASAPASGSKSG	0.14
QEL63466.1	227	71	118	14	53	3.36	NTANTANTANTANTA NTANTANTANT-VTA NT-NTANTAAT-GT- QTANT-QT	NTANTANTANTGTA	NTANTANTANT-GTA	0.14
PIS52481.1	1247	1182	1211	13	54	2	AAE--ST-APSEGPQGP PAETSTSPAPSEAPN-T	AAESSAPSEAPNP	AAE--SS-APSEAPN-P	0.23
QEL57973.1	1235	1170	1199	13	54	2	AAE--ST-APSEGPQGP PAETSTSPAPSEAPN-T	AAESSAPSEAPNP	AAE--SS-APSEAPN-P	0.23
PIS54781.1	190	101	153	13	55	3.77	SGSSGA--S--GSSGSSG SGSSG---S--GSSESSG SGSSGSLDS--SSSESSG S-SSG---SKSGSS	SGSSGSGSSESSG	SGSSG---S--GSSESSG	0.17
QEO24192.1	190	101	153	13	55	3.77	SGSSGA--S--GSSGSSG SGSSG---S--GSSESSG SGSSGSLDS--SSSESSG S-SSG---SKSGSS	SGSSGSGSSESSG	SGSSG---S--GSSESSG	0.17
XP_028891699.1	190	101	153	13	55	3.77	SGSSGA--S--GSSGSSG SGSSG---S--GSSESSG SGSSGSLDS--SSSESSG S-SSG---SKSGSS	SGSSGSGSSESSG	SGSSG---S--GSSESSG	0.17
PIS56821.1	258	85	160	13	56	5.69	AP--ST-GP-APAPAP AP--SSKAP-APAPAP GPGASS-APAAPAPAP AP--SSEAP-APAPAP GPGASS-AP-A-APAP APEASS--P-A-AP	APASSAPAPAPAP	AP-ASS-AP-APAPAP	0.18
QEO20466.1	258	85	160	13	56	5.69	AP--ST-GP-APAPAP AP--SSKAP-APAPAP GPGASS-APAAPAPAP AP--SSEAP-APAPAP GPGASS-AP-A-APAP APEASS--P-A-AP	APASSAPAPAPAP	AP-ASS-AP-APAPAP	0.18
QEL61474.1	258	85	160	13	56	5.69	AP--ST-GP-APAPAP AP--SSKAP-APAPAP GPGASS-APAAPAPAP AP--SSEAP-APAPAP GPGASS-AP-A-APAP APEASS--P-A-AP	APASSAPAPAPAP	AP-ASS-AP-APAPAP	0.18
XP_028891881.1	258	85	160	13	56	5.69	AP--ST-GP-APAPAP AP--SSKAP-APAPAP GPGASS-APAAPAPAP AP--SSEAP-APAPAP GPGASS-AP-A-APAP APEASS--P-A-AP	APASSAPAPAPAP	AP-ASS-AP-APAPAP	0.18
PIS58395.1	247	152	218	13	57	5.15	GSASAS-ASGSGS GSGSGSK---S-S GSASGS-ASGSAS GSASGSKASGSGS ASASGSK-SGSAS -S-SGS-ASG-GS	GSASGSKASGSGS	GSASGSKASGSGS	0.21
QEO24368.1	286	105	136	13	58	2.46	A-TTPTTATTP-KE A-TTPTTATTPAAG AATTPTT	ATTPTTATTPAAE	A-TTPTTATTPAAE	0.12
QEL62954.1	291	110	141	13	58	2.46	A-TTPTTATTP-KE A-TTPTTATTPAAG AATTPTT	ATTPTTATTPAAE	A-TTPTTATTPAAE	0.12
XP_028889191.1	291	110	141	13	58	2.46	A-TTPTTATTP-KE A-TTPTTATTPAAG AATTPTT	ATTPTTATTPAAE	A-TTPTTATTPAAE	0.12
QEL61272.1	756	668	717	13	59	3.54	GSGN--G-SGSDSDNG-P GSGS--G-SGSE-D-GSG GSGNGAGDTGSGSD-G-G -SGS--G-SDS	GSGNGSGSDSDGG	GSGN--G-SGSDSD-G-G	0.23
QEL62392.1	827	457	479	13	60	2	ST-TE--S-ITSS TTVSDTTTFVSSS T	TTVSDTTSFISSS	TTVSDTTSFISSS	0.19
XP_028890862.1	466	414	438	13	61	2	SNSSS--SSSTST SNTSSGAPSNQST S	SNSSSGAPSNQST	SNSSSGAPSNQST	0.19
PIS49475.1	839	457	479	12	62	2	S-T-TESIISST TVSDTTTFVSSS T	TVSDTESFISSS	TVSDTESFISSS	0.2
QEO23751.1	835	457	479	12	62	2	S-T-TESIISST TVSDTTTFVSSS T	TVSDTESFISSS	TVSDTESFISSS	0.2
XP_028889001.1	835	457	479	12	62	2	S-T-TESIISST TVSDTTTFVSSS T	TVSDTESFISSS	TVSDTESFISSS	0.2
PIS50623.1	717	619	664	12	63	3.83	PAP--SGAPSSGPA PAP--SAAPSSGSG PAP--SVAPSFGPG PAPAPSH-PST	PAPSAAPSSGPG	PAP--SAAPSSGPG	0.19
QEO24533.1	718	620	664	12	63	3.75	PAPSAAPS--SGPA PAPSAAPS--SGPG PAPSVAPS--FGPG PAP-A-PSHPS	PAPSAAPSSGPG	PAPSAAPS--SGPG	0.15
QEL62783.1	717	619	663	12	63	3.75	PAPSAAPS--SGPA PAPSAAPS--SGPG PAPSVAPS--FGPG PAP-A-PSHPS	PAPSAAPSSGPG	PAPSAAPS--SGPG	0.15
XP_028889361.1	717	619	663	12	63	3.75	PAPSAAPS--SGPA PAPSAAPS--SGPG PAPSVAPS--FGPG PAP-A-PSHPS	PAPSAAPSSGPG	PAPSAAPS--SGPG	0.15
PIS55009.1	145	73	98	12	64	2.17	PAPTPTQPGPGG PA--PTKPGPGE TAPT	PAPTPTKPGPGE	PAPTPTKPGPGE	0.18
QEO21976.1	145	73	98	12	64	2.17	PAPTPTQPGPGG PA--PTKPGPGE TAPT	PAPTPTKPGPGE	PAPTPTKPGPGE	0.18
QEL61107.1	145	73	98	12	64	2.17	PAPTPTQPGPGG PA--PTKPGPGE TAPT	PAPTPTKPGPGE	PAPTPTKPGPGE	0.18
XP_028892256.1	145	73	98	12	64	2.17	PAPTPTQPGPGG PA--PTKPGPGE TAPT	PAPTPTKPGPGE	PAPTPTKPGPGE	0.18
QEL61928.1	217	163	188	12	65	2.17	PSSS-A-QTTAD PSSTLATSSSAA ASSS	PSSSLATQSSAA	PSSSLATQSSAA	0.18
PIS48570.1	217	93	126	11	66	3	SSSSSSQ--SDSP SSSSSAA--SSSA -DPTSSNAPSSSA	SSSSSSASSSA	SSSSSSA--SSSA	0.26
PIS50623.1	717	374	460	11	66	7.36	SSAA-SS-VSSVASTIS SS-A-SSAVSS-A---A SS-A-SSAVSS-D---S SA-A-SSAASSAA---S SA-A-SSLVSS-A---- SS---SLA-SS-A---S SS-A-SSAGSS-AG--S SS-AGSSA	SSASSAVSSAS	SS-A-SSAVSS-A---S	0.22
QEO23161.1	217	93	114	11	66	2	SSSSSSQSDSP SSSSSAASSSA	SSSSSAASDSA	SSSSSAASDSA	0.18
QEL61928.1	217	106	151	11	66	4.18	SSS-AASSS-ADP TSSDAPSSS-A-A TTSDAPSSSPA-A -SSEAASSS-A-K SS	SSSDAASSSAA	SSSDAASSS-A-A	0.17
XP_028889361.1	717	374	460	11	66	7.36	SSAA-SS-VSSVASTIS SS-A-SSAVSS-A---A SS-A-SSAVSS-D---S SA-A-SSAASSAA---S SA-A-SSLVSS-A---- SS---SFA-SS-A---S SS-A-SSAGSS-AG--S SS-AGSSA	SSASSAVSSAS	SS-A-SSAVSS-A---S	0.22
PIS49475.1	839	369	401	11	67	2.82	S--ETS-SYDIT-S SW-ETSFS-E-T-T SWEESSYSQS-TDS	SWETSFSQDTS	SW-ETSFSQD-T-S	0.22
QEO23751.1	835	369	401	11	67	2.82	S--ETS-SYDIT-S SW-ETSFS-E-T-T SWEESSYSQS-TDS	SWETSFSQDTS	SW-ETSFSQD-T-S	0.22
QEL62392.1	827	369	401	11	67	2.82	S--ETS-SYDIT-S SW-ETSFS-E-T-T SWEESSYSQS-TDS	SWETSFSQDTS	SW-ETSFSQD-T-S	0.22
XP_028889001.1	835	369	401	11	67	2.82	S--ETS-SYDIT-S SW-ETSFS-E-T-T SWEESSYSQS-TDS	SWETSFSQDTS	SW-ETSFSQD-T-S	0.22
PIS50299.1	1795	1594	1639	11	68	4.18	T-PNGPDAHTT TVPNGPGAHTT PLPNGPGA-DT TVPNVPGAHTS PVPN	TVPNGPGAHTT	TVPNGPGAHTT	0.17
QEO24215.1	1772	1595	1621	11	68	2.45	PNGPDAHTTPV SNVPGAHTSPV PNGPG	PNGPGAHTSPV	PNGPGAHTSPV	0.11
PIS52467.1	229	153	174	11	69	2	TSAPYTNKTNS TTAPYTNSSST	TSAPYTNKSNS	TSAPYTNKSNS	0.09
QEO21761.1	238	162	183	11	69	2	TSAPYTNKTNS TTAPYTNSSST	TSAPYTNKSNS	TSAPYTNKSNS	0.09
XP_028891364.1	229	153	174	11	69	2	TSAPYTNKTNS TTAPYTNSSST	TSAPYTNKSNS	TSAPYTNKSNS	0.09
PIS58362.1	499	404	432	11	70	2.64	SSNTTISNSSN SFNTTISNSSN SSNSSNS	SSNTTISNSSN	SSNTTISNSSN	0.07
XP_028893251.1	499	404	432	11	70	2.64	SSNTTISNSSN SFNTTISNSSN SSNSSNS	SSNTTISNSSN	SSNTTISNSSN	0.07
PIS58977.1	279	202	223	11	71	2	VEENCGPTTVT VEE---PSTVT ITE	VEENCGPSTVT	VEENCGPSTVT	0.2
QEO20351.1	283	206	227	11	71	2	VEENCGPTTVT VEE---PSTVT ITE	VEENCGPSTVT	VEENCGPSTVT	0.2
QEL60304.1	283	206	227	11	71	2	VEENCGPTTVT VEE---PSTVT ITE	VEENCGPSTVT	VEENCGPSTVT	0.2
XP_028892827.1	291	214	235	11	71	2	VEENCGPTTVT VEE---PSTVT ITE	VEENCGPSTVT	VEENCGPSTVT	0.2
QEO19794.1	801	74	98	11	72	2	NAASSAAAASPA-SS NAA--AAAA-PASSV	NAAAAAAPASS	NAA--AAAA-PA-SS	0.19
QEL59286.1	797	74	98	11	72	2	NAASSAAAASPA-SS NAA--AAAA-PASSV	NAAAAAAPASS	NAA--AAAA-PA-SS	0.19
XP_028890043.1	797	74	98	11	72	2	NAASSAAAASPA-SS NAA--AAAA-PASSV	NAAAAAAPASS	NAA--AAAA-PA-SS	0.19
QEO20379.1	747	300	523	11	73	19.55	TETSSET-T-S-S-TE-- T-SSSE--T-T-S-TE-- --TSTE--T-T-S-TET- T-SSSEA-T-S-S-TE-- --TSTET-T-S-S-VET- T-SSTET-T-S-S-SE-- T-SSTET-T-S-S-SE-- T-SSTET-T-S-S-SE-- T-SNTE--T-T-S-TET- T-SSSET-T-S-S-SE-- T-TSS-S-E-T-S-TEP- T-TSSES-S-T-SPGP-- A-TSSEP-T-T-S-T--- N-TSSETKP-T-E-SE-- TGSSTES-S-S-S-T--- N-VTTET-TPTES-TE-- S-TTSGP-G-P-S-TEPP SVTTSKT-T-SEQ-TD-- S-HTGPS-T-S-N-T--- S-TGTET-S-T-E-S	TTSSETTSSTE	T-TSSET-T-S-S-TE--	0.21
QEO23161.1	217	118	189	11	74	6.45	SSDA-PSSS-AAA TSDA-PSSS-PAA SSEA-ASSS--AK SSVA--ASS--FV SSDA-PSSS--AQ TT-ADPSSTLATS SSAA-ASSS-A	SSDAPSSSAAA	SSDA-PSSS-AAA	0.25
QEL62824.1	411	299	325	11	74	2.45	S-SSAASSKNSP T-SSAASSTSTV SASSA	SSSAASSKNSP	S-SSAASSKNSP	0.15
QEO24552.1	235	171	198	11	75	2.55	ASSGSSGAA-A ATSGTSGAAGA NSTGTGG	ASSGTSGAAGA	ASSGTSGAAGA	0.1
QEL62761.1	235	171	198	11	75	2.55	ASSGSSGAA-A ATSGTSGAAGA NSTGTGG	ASSGTSGAAGA	ASSGTSGAAGA	0.1
XP_028889380.1	235	171	198	11	75	2.55	ASSGSSGAA-A ATSGTSGAAGA NSTGTGG	ASSGTSGAAGA	ASSGTSGAAGA	0.1
QEO24553.1	220	174	196	11	76	2.09	TSAPAASSPKE TSA-AASAPAV SS	TSAPAASAPAE	TSAPAASAPAE	0.17
QEL62760.1	220	174	196	11	76	2.09	TSAPAASSPKE TSA-AASAPAV SS	TSAPAASAPAE	TSAPAASAPAE	0.17
QEL57971.1	700	407	432	11	77	2.36	PS-SSGPSETSG -S-STGPSETSG PSESS	PSSSGPSETSG	PS-SSGPSETSG	0.07
QEL63125.1	507	423	443	11	78	2	SSESSS-SSSG SSESSSNSLS- S	SSESSSNSLSG	SSESSSNSLSG	0.13
XP_028891719.1	861	682	705	11	79	2	ITT--LVSETTCI LSTPKRVSETSDI	ISTLVSETSCI	IST--LVSETSCI	0.17
PIS48157.1	230	174	200	10	80	2.7	TSAPAASSPKE TSA-AASSAAA SSA-AAS	TSAAASSAAA	TSA-AASSAAA	0.15
XP_028889381.1	230	174	200	10	80	2.7	TSAPAASSPKE TSA-AASSAAA SSA-AAS	TSAAASSAAA	TSA-AASSAAA	0.15
PIS48570.1	217	121	183	10	81	5.9	A-PSSSAAATSD A-PSSSPAASSE A-ASSS-AKSSV A--ASS-FVSSD A-PSSS-AQTT- ADPSSTLATSSS A	APSSSAASSD	A-PSSS-AASSD	0.23
XP_028888342.1	217	111	183	10	81	6.9	SSS-ADPTSSDAP- SSSAA--ATSDAP- SSSPA--ASSEAA- SSS-A--KSSVA-- ASS-F--VSSDAP- SSS-A--QTT-ADP SSTLA--TSSSA	SSSAASSDAP	SSS-A--ASSDAP-	0.25
PIS49475.1	839	651	670	10	82	2	HVPESTGQTL KVPVTSSSTI	HVPESSGQTI	HVPESSGQTI	0.15
QEO23751.1	835	647	666	10	82	2	HVPESTGQTL KVPVTSSSTI	HVPESSGQTI	HVPESSGQTI	0.15
XP_028889001.1	835	647	666	10	82	2	HVPESTGQTL KVPVTSSSTI	HVPESSGQTI	HVPESSGQTI	0.15
PIS49865.1	1720	352	494	10	83	13.5	SET-S-S---E----TS SES-S-SAPQSSAPESS TES-S-S---EPA--SS SES-S-T---EPA--SS SES-T-T---DSA--SS SES-T-T---DSA--SS SES-T-T---DSA--SS SDSAS-S---DSA--SS SDSASAT---ESG--ST TDS-S-S---EPA---- SES-S-T---ESE--SS SD--S-S----SA--SE SPS-A-S---ESA--SS SDS-A-T---ESP--SS S	SESSSESASS	SES-S-S---ESA--SS	0.17
PIS51942.1	775	348	369	10	83	2	SSST-IETSPSA SSSTPIESS-SA	SSSTIESSSA	SSST-IESS-SA	0.09
QEL58519.1	772	341	362	10	83	2	SSST-IETSPSA SSSTPIESS-SA	SSSTIESSSA	SSST-IESS-SA	0.09
QEL61928.1	217	91	113	10	83	2.3	ADSSSSSSQS -DSSSSSS-S AASSS	ADSSSSSSQS	ADSSSSSSQS	0.12
QEL62736.1	1456	352	494	10	83	13.5	SET-S-S---E----TS SES-S-SAPQSSAPESS TES-S-S---EPA--SS SES-S-T---EPA--SS SES-T-T---DSA--SS SES-T-T---GSG--SS SES-T-T---DSA--SS SDSAS-S---DSA--SS SDSASAT---ESG--ST TDS-S-S---EPA---- SES-S-T---ESE--SS SD--S-S----SA--SE SPS-S-S---ESA--SS SDS-A-T---ESP--SS S	SESSSESASS	SES-S-S---ESA--SS	0.17
XP_028888611.1	1704	352	494	10	83	13.5	SET-S-S---E----TS SES-S-SAPQSSAPESS TES-S-S---EPA--SS SES-S-T---EPA--SS SES-T-T---DSA--SS SES-T-T---DSA--SS SES-T-T---DSA--SS SDSAS-S---DSA--SS SDSASAT---ESG--ST TDS-S-S---EPA---- SES-S-T---ESE--SS SD--S-S----SA--SE SPS-A-S---ESA--SS SDS-A-T---ESP--SS S	SESSSESASS	SES-S-S---ESA--SS	0.17
XP_028890844.1	790	358	379	10	83	2	SSST-IETSPSA SSSTPIESS-SA	SSSTIESSSA	SSST-IESS-SA	0.09
PIS56617.1	858	384	475	10	84	9.2	STTGPTDGGD- STDGSSDNG-- STTGPTDGGD- STTGPTDGSD- STTGPTD--DA TTTGPTDGGD- STTGPTDGSD- STTGPTDGGD- STTGPTDGGD- STSG	STTGPTDGGD	STTGPTDGGD-	0.09
QEO22143.1	805	374	456	10	84	8.3	STTDGSSDNG-- STT-GPTDGGD- STT-GPTDGSD- STT-GPTD--DA TTT-GPTDGGD- STT-GPTDGSD- STT-GPTDGGD- STT-GPTDGGD- STS-G	STTGPTDGGD	STT-GPTDGGD-	0.1
XP_028892087.1	833	384	475	10	84	9.2	STTGPTDGGD- STDGSSDNG-- STTGPTDGGD- STTGPTDGSD- STTGPTD--DA TTTGPTDGGD- STTGPTDGSD- STTGPTDGGD- STTGPTDGGD- STSG	STTGPTDGGD	STTGPTDGGD-	0.09
PIS58559.1	202	87	103	10	85	2	EDDL--DDDA -EDLFSSDD- D	DDDLFSDDDA	DDDLFSDDDA	0.24
QEO20627.1	202	87	103	10	85	2	EDDL--DDDA -EDLFSSDD- D	DDDLFSDDDA	DDDLFSDDDA	0.24
QEL59879.1	202	87	103	10	85	2	EDDL--DDDA -EDLFSSDD- D	DDDLFSDDDA	DDDLFSDDDA	0.24
XP_028892416.1	202	87	103	10	85	2	EDDL--DDDA -EDLFSSDD- D	DDDLFSDDDA	DDDLFSDDDA	0.24
QEO21242.1	755	406	532	10	86	12.2	PVE-S-S-----TQVTS SSE-S-S-----SASTT PHE-TLS-----S--TT PHK-T-T-----S--ST PAE-S-T-PIGTT-SST PVE-S-T-P---S-ETN PVK-S-S-----SKETT SSE-T-I-P---G-ETT PIE-S-T-P---G-KTT PVE-S-T-P---V-EST PVE-S-T-P---S-EST PVEST-SIS---T-TTT PVE-T-T	PVESTPSETT	PVE-S-T-P---S-ETT	0.28
QEL60304.1	283	149	170	10	87	2.1	S-SGS-S-S-A SASGTASGTVS A-SAT	SSGTASGSVA	S-SGTASGSVA	0.28
XP_028891790.1	742	300	496	10	88	19	TE--T--SSE--T-T-SS TE--T--SS---SET-TS TE--T--STE--T-T-SN --------SE--A-T-SS TE--T--STE--T-T-SS VE--T--TS---S-T-ET T---S--SSE----T-SN TE-----TT---S-T-ET T---S--STE--T-T-SS SE--T--STE--P-T-TS SE-----ST---T-S-PG PA--T--SSE--Q-T-TS SEP-T--TS---T-N-TS SE--TK-PTE------SE TG--S--STE----S-SS S---TNVTTE----T-TP TE-----STE----S-TT SEPGS--STEPPS-V-TT SK--T--TSEQ-TDSHTG S---S--TSN--T-N-TG TE--T--STE--S	TETSTETTTS	TE--T--STE--T-T-TS	0.26
PIS48172.1	173	133	149	9	89	2	SGS-SSASS SGSKSS-SS S	SGSKSSASS	SGSKSSASS	0.11
XP_028889397.1	173	133	149	9	89	2	SGS-SSASS SGSKSS-SS S	SGSKSSASS	SGSKSSASS	0.11
PIS50296.1	2946	333	354	9	90	2.44	SSTSQSS-K SSSS-SSVI TSSTSS	SSSSQSSVI	SSSSQSSVI	0.17
PIS52483.1	760	472	606	9	91	14.56	ESS-T-GPGNGG- E-T-S-GPGNGG- ETS-T-GPGNGG- Q-PTS-GPGNGG- E-P-T-GPGNGG- E-P-T-GPGNGG- E-P-T-GPGNGG- Q-P-T-GPGNGG- E-P-T-GPGNGG- Q-P-T-GPGNGG- Q-P-T-GPGNGG- Q-P-T-GPGNGG- Q-P-TNGPGNGG- Q-P-T-GPG-GPS E---T-APG	EPTGPGNGG	E-P-T-GPGNGG-	0.14
QEL57971.1	700	433	555	9	91	13.44	T-GPGNGGKTS T-GPGNGG-ET S-GPGNGG-ET S-GPGNGG-EP T-GPGNGG-QP T-GPGNGG-EP T-GPGNGG-QP T-GPGNGG-QP T-GPGNGG-QP T-GPGNGG-QP T-GPGNGG-QP T-GPGNGG-QP TNGPGNGG-EP T-GPG	TGPGNGGQP	T-GPGNGG-QP	0.09
XP_028887965.1	787	475	607	9	91	14.44	T-GPGNGG-ET- S-GPGNGGETS- T-GPGNGG-QPT S-GPGNGG-EP- T-GPGNGG-EP- T-GPGNGG-QP- T-GPGNGG-EP- T-GPGNGG-QP- T-GPGNGG-QP- T-GPGNGG-QP- T-GPGNGG-QP- T-GPGNGG-QP- T-GPGNGG-QP- TNGPGNGG-QP- T-GPG	TGPGNGGQP	T-GPGNGG-QP-	0.08
PIS55450.1	152	130	146	9	92	2	GAAGNLG-- VAAGVAGFA G	GAAGNAGFA	GAAGNAGFA	0.26
QEL59852.1	134	112	128	9	92	2	GAAGNLG-- VAAGVAGFA G	GAAGNAGFA	GAAGNAGFA	0.26
XP_028892390.1	152	130	146	9	92	2	GAAGNLG-- VAAGVAGFA G	GAAGNAGFA	GAAGNAGFA	0.26
QEL58519.1	772	161	232	9	93	7.56	S-S-SSS-SS-SK T-T-SSK-STIS- SVTPTT--ST-SE TPP-STD-SS-SE T-T-SSE-TSASQ T-N-SSEISS-NE T-S-SSE-TS-SE T-SASS	TSSSESSSE	T-S-SSE-SS-SE	0.22
QEL60909.1	592	330	381	9	94	4.9	SA-SS--VESS-AA- -A-SS--AASS-AAP SAESSAAV-SS-AA- SA--A--V-SS-AA- AA-SS--ADSSLAA- S	SASSVSSAA	SA-SS--V-SS-AA-	0.25
XP_028888342.1	217	92	125	9	95	3.44	DSSS---SSSQS- DSSS---SSS-SA ASSSADPTSSDA- PSSS	DSSSSSSDS	DSSS---SSSDS-	0.26
PIS48635.1	703	192	228	8	96	4.62	YTNYYNS- YSQYYNS- YTQ-YLTN ---YY-SR YSDYY-SR YSTYY	YSQYYNSR	YSQYYNSR	0.27
QEL61864.1	703	192	228	8	96	4.62	YTNYYNS- YSQYYNS- YTQ-YLTN ---YY-SR YSDYY-SR YSTYY	YSQYYNSR	YSQYYNSR	0.27
PIS49453.1	284	200	215	8	97	2	PKTITVDE PKTVTVTE	PKTITVDE	PKTITVDE	0.12
PIS58670.1	284	215	230	8	97	2	PTTITVSE PTTVTVSS	PTTITVSE	PTTITVSE	0.12
QEO20737.1	284	215	230	8	97	2	PTTITVSE PTTVTVSS	PTTITVSE	PTTITVSE	0.12
QEO23772.1	284	200	215	8	97	2	PKTITVDE PKTVTVTE	PKTITVDE	PKTITVDE	0.12
QEL62305.1	284	200	215	8	97	2	PKTITVDE PKTVTVTE	PKTITVDE	PKTITVDE	0.12
XP_028889022.1	284	200	215	8	97	2	PKTITVDE PKTVTVTE	PKTITVDE	PKTITVDE	0.12
XP_028892525.1	284	215	230	8	97	2	PTTITVSE PTTVTVSS	PTTITVSE	PTTITVSE	0.12
PIS49475.1	839	546	563	8	98	2.25	SSDLSSSI SSDLTESP ST	SSDLSESI	SSDLSESI	0.11
QEO23751.1	835	542	559	8	98	2.25	SSDLSSSI SSDLTESP ST	SSDLSESI	SSDLSESI	0.11
XP_028889001.1	835	542	559	8	98	2.25	SSDLSSSI SSDLTESP ST	SSDLSESI	SSDLSESI	0.11
PIS50582.1	420	375	389	8	99	2	SDA-S-ST TEASSASS S	SDASSASS	SDASSASS	0.12
QEO24493.1	420	375	389	8	99	2	SDA-S-ST TEASSASS S	SDASSASS	SDASSASS	0.12
QEL62824.1	411	366	380	8	99	2	SDA-S-ST TEASSASS S	SDASSASS	SDASSASS	0.12
PIS51161.1	797	488	546	8	100	7.25	G-GN-G-GS- GNG--GSGS- G-GS-GNG-- GSGSGGSGS- G-GS-GSG-S G-GS-GSGSS P-GT-GSG-S G-GS-GSG-S G-G	GGSGSGSS	G-GS-GSGSS	0.23
QEO19794.1	801	492	550	8	100	7.25	G-GN-G-GS- GNG--GSGS- G-GS-GNG-- GSGSGGSGS- G-GS-GSG-S G-GS-GSGSS P-GT-GSG-S G-GS-GSG-S G-G	GGSGSGSS	G-GS-GSGSS	0.23
QEL59286.1	797	488	546	8	100	7.25	G-GN-G-GS- GNG--GSGS- G-GS-GNG-- GSGSGGSGS- G-GS-GSG-S G-GS-GSGSS P-GT-GSG-S G-GS-GSG-S G-G	GGSGSGSS	G-GS-GSGSS	0.23
XP_028890043.1	797	488	546	8	100	7.25	G-GN-G-GS- GNG--GSGS- G-GS-GNG-- GSGSGGSGS- G-GS-GSG-S G-GS-GSGSS P-GT-GSG-S G-GS-GSG-S G-G	GGSGSGSS	G-GS-GSGSS	0.23
PIS54794.1	237	179	195	8	101	2.12	TNTDSLSG SQSESKSH T	TNSDSKSG	TNSDSKSG	0.12
QEO24205.1	237	179	195	8	101	2.12	TNTDSLSG SQSESKSH T	TNSDSKSG	TNSDSKSG	0.12
QEL63466.1	227	169	185	8	101	2.12	TNTDSLSG SQSESKSH T	TNSDSKSG	TNSDSKSG	0.12
XP_028891711.1	221	163	179	8	101	2.12	TNTDSLSG SQSESKSH T	TNSDSKSG	TNSDSKSG	0.12
PIS54802.1	861	683	703	8	102	2	TT--LVSETTCIS STPKTVSE-T--S	STLVSETS	ST--LVSE-T--S	0.29
QEL63474.1	834	659	679	8	102	2	TT--LVSETTCIS STPKRVSE-T--S	STLVSETS	ST--LVSE-T--S	0.29
PIS56617.1	858	497	513	8	103	2.12	GETSSTTS DDSSTTTP G	GDSSSTTP	GDSSSTTP	0.12
QEO22143.1	805	478	494	8	103	2.12	GETSSTTS DDSSTTTP G	GDSSSTTP	GDSSSTTP	0.12
QEL61272.1	756	388	404	8	103	2.12	GETSSTTS DDSSTTTP G	GDSSSTTP	GDSSSTTP	0.12
XP_028892087.1	833	497	513	8	103	2.12	GETSSTTS DDSSTTTP G	GDSSSTTP	GDSSSTTP	0.12
PIS58395.1	247	110	131	8	104	2.75	SEASATGG SDASATGG ---SGSGG S	SDASATGG	SDASATGG	0.16
QEO22344.1	239	110	131	8	104	2.75	SEASATGG SDASATGG ---SGSGG S	SDASATGG	SDASATGG	0.16
XP_028893284.1	243	110	131	8	104	2.75	SEASATGG SDASATGG ---SGSGG S	SDASATGG	SDASATGG	0.16
QEL63474.1	834	599	615	8	105	2.12	STESKKTK NTDTKASH S	STDSKASH	STDSKASH	0.12
XP_028891719.1	861	623	639	8	105	2.12	STESKKTK NTDTKASH S	STDSKASH	STDSKASH	0.12
PIS49507.1	159	110	126	7	106	2.43	NGSAGGK NGTSGGK NGS	NGSAGGK	NGSAGGK	0.06
QEO23719.1	159	110	126	7	106	2.43	NGSAGGK NGTSGGK NGS	NGSAGGK	NGSAGGK	0.06
QEL62359.1	159	110	126	7	106	2.43	NGSAGGK NGTSGGK NGS	NGSAGGK	NGSAGGK	0.06
XP_028888969.1	159	110	126	7	106	2.43	NGSAGGK NGTSGGK NGS	NGSAGGK	NGSAGGK	0.06
PIS50296.1	2946	2683	2697	7	107	2.14	TTSDAIV VTTDAAG S	STSDAAG	STSDAAG	0.2
XP_028889033.1	3052	2789	2803	7	107	2.14	TTSDAIV VTTDAAG S	STSDAAG	STSDAAG	0.2
PIS50297.1	664	160	175	7	108	2.29	I-TISQA LGSITN- DGTI	DGTISNA	DGTISNA	0.17
QEO24213.1	666	160	175	7	108	2.29	I-TISQA LGSITN- DGTI	DGTISNA	DGTISNA	0.17
XP_028889034.1	662	160	175	7	108	2.29	I-TISQA LGSITN- DGTI	DGTISNA	DGTISNA	0.17
PIS50297.1	664	377	393	7	109	2.43	SSSTPGQ SSPTPGP SST	SSPTPGP	SSPTPGP	0.12
QEO24213.1	666	377	393	7	109	2.43	SSSTPGQ SSPTPGP SST	SSPTPGP	SSPTPGP	0.12
XP_028889034.1	662	377	393	7	109	2.43	SSSTPGQ SSPTPGP SST	SSPTPGP	SSPTPGP	0.12
PIS50623.1	717	477	492	7	110	2	TTYSTD--VA TTY-SDGNV	TTYSDVA	TTY-SD--VA	0.19
QEL62783.1	717	477	492	7	110	2	TTYSTD--VA TTY-SDGNV	TTYSDVA	TTY-SD--VA	0.19
XP_028889361.1	717	477	492	7	110	2	TTYSTD--VA TTY-SDGNV	TTYSDVA	TTY-SD--VA	0.19
PIS51161.1	797	75	94	7	111	2.71	A--ASSAAA ASPASS-NA A--ASAA	AASSAAA	A--ASSAAA	0.24
PIS52010.1	721	26	61	7	112	5.14	DDTSSSS GSSSSSS -SSSSAP ESSSSSS E-SSSTT VST	ESSSSSS	ESSSSSS	0.18
PIS58126.1	426	375	390	7	112	2.29	TSS-GSG SSSESSG SSS	SSSEGSG	SSSEGSG	0.12
QEO21310.1	721	26	61	7	112	5.14	DDTSSSS GSSSSSS -SSSSAP ESSSSSS E-SSSTT VST	ESSSSSS	ESSSSSS	0.18
QEO22609.1	426	375	390	7	112	2.29	TSSD-SA SSSESSG SSS	SSSDSSA	SSSDSSA	0.12
QEL58448.1	715	27	55	7	112	4.14	DTSSSSS -SSSSAP ESSSSSS E-SSSTT VST	ESSSSSS	ESSSSSS	0.16
QEL60468.1	426	375	390	7	112	2.29	TSS-GSG SSSESSG SSS	SSSEGSG	SSSEGSG	0.12
QEL63474.1	834	486	501	7	112	2.29	ISTQETS LSSQ--- NS-NES	ISSQESS	ISSQESS	0.25
XP_028890912.1	721	26	61	7	112	5.14	DDTSSSS GSSSSSS -SSSSAP ESSSSSS E-SSSTT VST	ESSSSSS	ESSSSSS	0.18
XP_028891719.1	861	510	525	7	112	2.29	ISTQETS LSSQ--- NS-NES	ISSQESS	ISSQESS	0.25
XP_028892999.1	426	375	390	7	112	2.29	TSS-GSG SSSESSG SSS	SSSEGSG	SSSEGSG	0.12
PIS54808.1	594	325	337	7	113	2	SSVAQSA SSVESSA	SSVAQSA	SSVAQSA	0.14
PIS55725.1	574	440	454	7	113	2.14	ASSKASS VTSKASS A	ASSKASS	ASSKASS	0.07
QEO19513.1	574	440	454	7	113	2.14	ASSKASS VTSKASS A	ASSKASS	ASSKASS	0.07
QEO19794.1	801	276	299	7	113	3.29	TAS-SGSA SA--SGSA SGSASGSA SGS	SASSGSA	SAS-SGSA	0.16
QEL59572.1	574	440	454	7	113	2.14	ASSKASS VTSKASS A	ASSKASS	ASSKASS	0.07
XP_028889405.1	594	325	337	7	113	2	SSVAQSA SSVESSA	SSVAQSA	SSVAQSA	0.14
XP_028889755.1	574	440	454	7	113	2.14	ASSKASS VTSKASS A	ASSKASS	ASSKASS	0.07
PIS55432.1	1375	67	81	7	114	2.14	VTSVDGL VTSV-SI VS	VTSVDGI	VTSVDGI	0.12
QEL59874.1	1138	67	81	7	114	2.14	VTSVDGL VTSV-SI VS	VTSVDGI	VTSVDGI	0.12
XP_028892406.1	1375	67	81	7	114	2.14	VTSVDGL VTSV-SI VS	VTSVDGI	VTSVDGI	0.12
PIS55725.1	574	371	387	7	115	2.43	SKTSSKS SKTSS-S SKET	SKTSSKS	SKTSSKS	0.11
QEO19513.1	574	371	387	7	115	2.43	SKTSSKS SKTSS-S SKET	SKTSSKS	SKTSSKS	0.11
QEL59572.1	574	371	387	7	115	2.43	SKTSSKS SKTSS-S SKET	SKTSSKS	SKTSSKS	0.11
XP_028889755.1	574	371	387	7	115	2.43	SKTSSKS SKTSS-S SKET	SKTSSKS	SKTSSKS	0.11
PIS56971.1	293	206	255	7	116	6.29	T-S-G--SAKA- T-S-G--SAKAT SAS-S--SAK-- E-S----SAKV- T-SAGSSSARP- T-S-GSSSARA- T-S-G	TSGSAKA	T-S-G--SAKA-	0.25
XP_028891731.1	293	206	255	7	116	6.29	T-S-G--SAKA- T-S-G--SAKAT SAS-S--SAK-- E-S----SAKV- T-SAGSSSARP- T-S-GSSSARA- T-S-G	TSGSAKA	T-S-G--SAKA-	0.25
QEO21242.1	755	354	368	7	117	2.14	TSPSASS STPIESS S	SSPIASS	SSPIASS	0.13
PIS48169.1	177	139	156	6	118	3	ATTSGS A-TSGS AQTT-S AT	ATTSGS	ATTSGS	0.15
QEL62747.1	177	139	156	6	118	3	ATTSGS A-TSGS AQTT-S AT	ATTSGS	ATTSGS	0.15
XP_028889394.1	177	139	156	6	118	3	ATTSGS A-TSGS AQTT-S AT	ATTSGS	ATTSGS	0.15
PIS48170.1	166	130	145	6	119	2.67	SSSSTA -SSGS- SSSSGA	SSSSGA	SSSSGA	0.22
PIS50554.1	410	358	375	6	119	3	SGSSKS SGSSKS SG-SGS S	SGSSKS	SGSSKS	0.11
QEO23161.1	217	105	125	6	119	3.33	SSSSA-- ASSSADP TSSDAP- SSS	SSSSAD	SSSSAD-	0.23
QEO24466.1	409	358	375	6	119	3	SGSSKS SGSSKS SG-SGS S	SGSSKS	SGSSKS	0.11
QEL62746.1	166	130	145	6	119	2.67	SSSSTA -SSGS- SSSSGA	SSSSGA	SSSSGA	0.22
QEL62854.1	411	358	375	6	119	3	SGSSKS SGSSKS SG-SGS S	SGSSKS	SGSSKS	0.11
XP_028889291.1	410	358	375	6	119	3	SGSSKS SGSSKS SG-SGS S	SGSSKS	SGSSKS	0.11
XP_028889395.1	166	130	145	6	119	2.67	SSSSTA -SSGS- SSSSGA	SSSSGA	SSSSGA	0.22
PIS49475.1	839	408	433	6	120	4	SSWSE-Y- SSTSE-YS SSWSEHF- SSYTG-Y	SSWSEY	SSWSE-Y-	0.19
QEO23751.1	835	408	433	6	120	4	SSWSE-Y- SSTSE-YS SSWSEHF- SSYTG-Y	SSWSEY	SSWSE-Y-	0.19
QEL62392.1	827	408	433	6	120	4	SSWSE-Y- SSTSE-YS SSWSEHF- SSYTG-Y	SSWSEY	SSWSE-Y-	0.19
XP_028889001.1	835	408	433	6	120	4	SSWSE-Y- SSTSE-YS SSWSEHF- SSYTG-Y	SSWSEY	SSWSE-Y-	0.19
PIS51161.1	797	276	297	6	121	3.33	TA--S-SG SA--SASG SASGSASG SA--S	SASASG	SA--SASG	0.13
QEO22344.1	239	155	212	6	121	9.33	S-AS-ASG S-GS-GSG S-GSKSSG ---S-ASG ---S-ASG SKAS-GSG S-AS-ASG ---S-KSG S-AS-SSG S-AS--GG S-SS	SASASG	S-AS-ASG	0.28
QEL59286.1	797	276	297	6	121	3.33	TA--S-SG SA--SASG SASGTASG SA--S	SASASG	SA--SASG	0.13
XP_028890043.1	797	276	297	6	121	3.33	TA--S-SG SA--SASG SASGSASG SA--S	SASASG	SA--SASG	0.13
PIS52467.1	229	171	185	6	122	2.5	SSSTRH SSSTKG SSS	SSSTKG	SSSTKG	0.07
QEO21761.1	238	180	194	6	122	2.5	SSSTRH SSSTKG SSS	SSSTKG	SSSTKG	0.07
XP_028891364.1	229	171	185	6	122	2.5	SSSTRH SSSTKG SSS	SSSTKG	SSSTKG	0.07
PIS52483.1	760	328	475	6	123	24.17	P-S-SS--SS S-S-SS--AP P-S-SSAPES S-S-TS--E- S-S-SS--ES S-S-SS--EP P---SS--E- T-S-SS--EP P-S-SS--QP P-S-SS--EP P-S-SS--EP P-S-SS--QP P-S-SS--QP P-S-SS--EP P-S-SS--EP P-S-SS--QP P-S-SS--EP P-S-SS---G P-SESS---- G-S-SS---G P-SETS---- G-S-SS---G P-SETS---- G-S-ST---G P-SETS--GP SES-ST	PSSSEP	P-S-SS--EP	0.27
QEL57971.1	700	359	412	6	123	9	PSSSEP PSSSEP PSSSQP PSSSEP PSSSEP PSSSQP PSSSQP PSSSEP PSSSGP	PSSSEP	PSSSEP	0.07
XP_028887965.1	787	328	475	6	123	24.17	P-S-SS--SS S-S-SS--AP P-S-SSAPES S-S-TS--E- S-S-SS--ES S-S-SS--EP P---SS--E- T-S-SS--EP P-S-SS--QP P-S-SS--EP P-S-SS--EP P-S-SS--QP P-S-SS--QP P-S-SS--EP P-S-SS--EP P-S-SS--QP P-S-SS--EP P-S-SS---G P-SESS---- G-S-SS---G P-SETS---- G-S-SS---G P-SETS---- G-S-ST---G P-SETS--GP SES-ST	PSSSEP	P-S-SS--EP	0.27
PIS52483.1	760	606	698	6	124	15.5	GG-GNG GGNGNG GGNGNG GGNGNG GGNGNG GENGNG GGNGNG GGNGNG GENGNG GENGNG GGNGTG GENGNG GGNGNG GGNGSG NGSGNG SGNG	GGNGNG	GGNGNG	0.11
QEL57971.1	700	563	652	6	124	15	GG-GNG GGNGNG GGNGNG GGNGNG GGNGNG GGNGNG GGNGNG GGNGNG -G-GNG SGNGSG NGSGN- GGNGNG NGNGSG NGNGNG NGSGNG NGNG	GGNGNG	GGNGNG	0.15
XP_028887965.1	787	615	725	6	124	18.5	GG-GNG GGNGNG GGNGNG GGNGNG GGNGNG GENGNG GGNGNG GGNGNG GENGNG GGNGNG GGNGNG GENGNG GENGNG GGNGTG GENGNG GGNGNG GGNGSG NGSGNG SGNG	GGNGNG	GGNGNG	0.1
PIS54808.1	594	161	178	6	125	3	SPAESS SPAITS SPAVSS	SPAESS	SPAESS	0.11
QEL60909.1	592	161	178	6	125	3	SPAESS SPAITS SPAVSS	SPAESS	SPAESS	0.11
XP_028889405.1	594	161	178	6	125	3	SPAESS SPAITS SPAVSS	SPAESS	SPAESS	0.11
QEO21761.1	238	48	85	6	126	6.33	ASVASE QSKASE ASVASE ASKASE ASVASE ASVASA AS	ASVASE	ASVASE	0.11
XP_028890844.1	790	73	87	6	127	2.67	TTE-IT STESST E-TSTG	ETESIT	ETESIT	0.17
PIS50454.1	299	72	126	5	128	10.8	TATTG- TATTG- TATTG- TATTG- TATTG- TATTG- TATTG- TATTG- TATTG- TATTPA TATT	TATTG	TATTG-	0.04
QEO24368.1	286	74	113	5	128	8	T-ATTG T-ATTG T-ATTG T-ATTG T-ATTG T-ATTG T-ATTP TTATT	TATTG	T-ATTG	0.05
QEL62954.1	291	74	118	5	128	9	T-ATTG T-ATTG T-ATTG T-ATTG T-ATTG T-ATTG T-ATTG T-ATTP TTATT	TATTG	T-ATTG	0.04
XP_028889191.1	291	74	118	5	128	9	T-ATTG T-ATTG T-ATTG T-ATTG T-ATTG T-ATTG T-ATTG T-ATTP TTATT	TATTG	T-ATTG	0.04
PIS51161.1	797	581	602	5	129	4.4	GGSGN GGSGN GGSGN GGSGN GG	GGSGN	GGSGN	0
PIS56617.1	858	514	773	5	129	49.6	GDN-GP-- GDH-GS-- GDN-GS-- GDN-GS-- GDN-GS-- GDN-GS-- GDNGGS-- GDNGGS-- GDNGGS-- GDN-GS-- GDNGGS-- GDN-GS-- GNNGGS-- GNN-GS-- GNNGGS-- GDN-GS-- GNN-GS-- GDN-GS-- GDN-GS-- GNN-GS-- GDN-GS-- GNN-GS-- GDN-GS-- GNN-GS-- GNN-GS-- GDN-GS-- G-NGGS-- GNN-GS-- G-NGGS-- GNN-GS-- G-NGGS-- GDN-GS-- GNNGGS-- GNNGGS-- GDN-GS-- GNNGGS-- GDN-GS-- GNN-GS-- GDN-GS-- GNNDGS-- GDN-GS-- G-NGGS-- GDN-GS-- GNNGGS-- EDN-GS-- G-N-GS-- -D--GAS- G-N-GADS G-H-G--S G-N-G--S G-N	GDNGS	GDN-GS--	0.2
QEO19794.1	801	585	606	5	129	4.4	GGSGN GGSGN GGSGN GGSGN GG	GGSGN	GGSGN	0
QEO22143.1	805	494	719	5	129	42.6	G---GDN- G--SGDN- G--SGDN- G--SGDN- G--SGDNG G--SGDNG G--SGDNG G--SGDNG G--SGDNG G--SGDNG G--SGDNG G--SGDN- G--SGDNG G--SGDN- G--SGNNG G--SGNN- G--SGNNG G--SGDN- G--SGNN- G--SGDN- G--SGDN- G--SGNN- G--SGDN- G--SG-NG G--SG-NS G--SG-NG G--SG-NS G--SG-NG G--SGNN- G--SG-NG G--SGDN- G--SGDN- G--SGNND G--SGDN- G--SG-NG G--SGDN- G--SGNNG G--SEDN- G--SG-N- G--S-D-- GA-SG-N- GADSG-H- G--SG-N- G--SG	GSGDN	G--SGDN-	0.19
QEL59286.1	797	581	602	5	129	4.4	GGSGN GGSGN GGSGN GGSGN GG	GGSGN	GGSGN	0
QEL61272.1	756	404	651	5	129	48	G-GDN- GSGDN- GSGDN- GSGDN- GSGDN- GPGDN- GSGDN- GSGDN- GSGDN- GSGDN- GSGDNG GSGDNG GSGDN- GSGDNG GSGDN- GSGDNG GSGDN- GSGNNG GSGDN- GSGNN- GSGDN- GSG-NG GSGNN- GSGDN- GSG-NG GSGNN- GSGDN- GSGDN- GSG-NG GSGNN- GSG-NG GSGNN- GSG-NG GSGNN- GSG-NG GSGNN- GSG-NG GSGNN- GSG-NG GSGNNG GSGDN- GSGNNG GSGDN- GSGNNG GSGDN- GSG-NG GSGDN- GSG-N- GS	GSGDN	GSGDN-	0.16
XP_028890043.1	797	581	602	5	129	4.4	GGSGN GGSGN GGSGN GGSGN GG	GGSGN	GGSGN	0
XP_028892087.1	833	514	748	5	129	44.6	GDN-GP-- GDH-GS-- GDN-GS-- GDN-GS-- GDN-GS-- GDN-GS-- GDNGGS-- GDNGGS-- GDNGGS-- GDN-GS-- GDNGGS-- GNN-GS-- GNNGGS-- GNNGGS-- GDN-GS-- GNN-GS-- GDN-GS-- GDN-GS-- GNN-GS-- GNN-GS-- GDN-GS-- G-NGGS-- GNN-GS-- G-NGGS-- GNN-GS-- G-NGGS-- GDN-GS-- GNNGGS-- GNNGGS-- GDN-GS-- GNNGGS-- GDN-GS-- GNN-GS-- GDN-GS-- GNNDGS-- GDN-GS-- G-NGGS-- GDN-GS-- GNNGGS-- EDN-GS-- G-N-GS-- -D--GAS- G-N-GADS G-H-G--S G-N-G--S G-N	GDNGS	GDN-GS--	0.21
PIS51161.1	797	686	757	5	130	13	T-A-T-SS K-A---SS S-A-SGTN S-A-SKSS S-A-S-SS S-APS-SS S-APS-SS SAA-D-SS T-A-S-SS TPA-S-SS S-E-TASS S-E-S-SS S-A-S-ST S	SASSS	S-A-S-SS	0.18
PIS52010.1	721	680	696	5	130	3.2	SGTSSE TGSSS- SGSSS- S	SGSSS	SGSSS-	0.06
QEO19794.1	801	690	761	5	130	13	T-A-T-SS K-A---SS S-A-SGTN S-A-SKSS S-A-S-SS S-APS-SS S-APS-SS SAA-D-SS T-A-S-SS TPA-S-SS S-E-TASS S-E-S-SS S-A-S-ST S	SASSS	S-A-S-SS	0.18
QEO21310.1	721	680	696	5	130	3.2	SGTSSE TGSSS- SGSSS- S	SGSSS	SGSSS-	0.06
QEL58448.1	715	674	690	5	130	3.2	SGTSSE TGSSS- SGSSS- S	SGSSS	SGSSS-	0.06
QEL59286.1	797	686	757	5	130	13	T--A-T-SS K--A---SS S--A-SGTN S--A-SKSS S--A-S-SS S--APS-SS S--APS-SS SA-A-D-SS T--A-S-SS TP-A-S-SS SEIA---SS S--E-S-SS S--A-S-ST S	SASSS	S--A-S-SS	0.19
XP_028890043.1	797	686	757	5	130	13	T-A-T-SS K-A---SS S-A-SGTN S-A-SKSS S-A-S-SS S-APS-SS S-APS-SS SAA-D-SS T-A-S-SS TPA-S-SS S-E-TASS S-E-S-SS S-A-S-ST S	SASSS	S-A-S-SS	0.18
XP_028890912.1	721	680	696	5	130	3.2	SGTSSE TGSSS- SGSSS- S	SGSSS	SGSSS-	0.06
PIS51942.1	775	159	234	5	131	15	ET-SSS SS-SSS KT-TST SS-TSS -V-TPT -T-STS ETPPST D--SSS E--TSS ET-SAS QT-TSS ET-SSS ET-SSS ET-SSS ET-SSS ET-SS	ETSSS	ET-SSS	0.16
XP_028890844.1	790	159	244	5	131	16.4	ET-SS-S--- -S-SSGS--- KT-TS-T--- ST-TS-SVAP TT-ST-S--- ETPPS-T--- D--SS-S--- E--TS-S--- ET-SA-S--- QT-TS-S--- ET-SS-S--- ET-SS-S--- ET-SS-S--- ET-SS-S--- ET-SL-S--- ET-SS-S--- ET-SS	ETSSS	ET-SS-S---	0.17
PIS51942.1	775	454	478	5	132	5	TTPVE STPSE TNPVK SSSKE TTSTE	TTPVE	TTPVE	0.28
QEO21242.1	755	545	573	5	132	5.8	ETTPT KSTPT ETTPT ETTPA ETTPT ETTP	ETTPT	ETTPT	0.07
XP_028890844.1	790	464	530	5	132	13.4	TTPVE STPSE TNPVK SSSKE TTSTE NTPGE TTPGE HTPIE STPSK TTPVE STPVE STPSE STPVE ST	STPVE	STPVE	0.22
XP_028890844.1	790	548	614	5	132	13.4	PAEST AIETT PTKST PTETT PTETT PAETT PTKTT PTETT PTETT PAETT PTETT PTETT PANTT ST	PTETT	PTETT	0.15
PIS55795.1	454	412	432	5	133	3.8	TGS-SGKS SGS-SG-- SGS-S--- SGAPS	SGSSG	SGS-SG--	0.23
PIS58927.1	553	485	527	5	133	7.6	SG-T-SG- SG-SGSG- SGSS-SK- SG-SKSG- S--S-SG- S--T-S-- SS-S-SS- SG-SKSGA S	SGSSG	SG-S-SG-	0.24
QEO19583.1	454	412	432	5	133	3.8	TGS-SGKS SGS-SG-- SGS-S--- SGAPS	SGSSG	SGS-SG--	0.23
QEO20302.1	553	485	527	5	133	7.6	SG-T-SG- SG-SGSG- SGSS-SK- SG-SKSG- S--S-SG- S--T-S-- SS-S-SS- SG-SKSGA S	SGSSG	SG-S-SG-	0.24
QEL59501.1	454	412	432	5	133	3.8	TGS-SGKS SGS-SG-- SGS-S--- SGAPS	SGSSG	SGS-SG--	0.23
QEL60254.1	553	485	527	5	133	7.6	SG-T-SG- SG-SGSG- SGSS-SK- SG-SKSG- S--S-SG- S--T-S-- SS-S-SS- SG-SKSGA S	SGSSG	SG-S-SG-	0.24
QEL60734.1	237	110	132	5	133	4	SGA---SA TGGSDASA TGG---SG SGG---SA	SGGSA	SGG---SA	0.22
XP_028889825.1	454	412	432	5	133	3.8	TGS-SGKS SGS-SG-- SGS-S--- SGAPS	SGSSG	SGS-SG--	0.23
XP_028892777.1	553	485	527	5	133	7.6	SG-T-SG- SG-SGSG- SGSS-SK- SG-SKSG- S--S-SG- S--T-S-- SS-S-SS- SG-SKSGA S	SGSSG	SG-S-SG-	0.24
PIS58670.1	284	150	168	5	134	3.8	SSSSP STTHP TSSLP TSDH	SSSHP	SSSHP	0.16
QEO20737.1	284	150	168	5	134	3.8	SSSSP STTHP TSSLP TSDH	SSSHP	SSSHP	0.16
XP_028892525.1	284	150	168	5	134	3.8	SSSSP STTHP TSSLP TSDH	SSSHP	SSSHP	0.16
QEO21242.1	755	69	92	5	135	4.8	ETSPTT EIT-ST ESS-TE S-S-TG TSS-SV	ESSTT	ESS-TT	0.15
